YearRemodAdd,GarageArea,FullBath,TotalBsmtSF,GarageCars,GrLivArea,OverallQual,LotArea,YearBuilt,1stFlrSF,2ndFlrSF,FullBath,BedroomAbvGr,TotRmsAbvGrd,PredSalePrice
1961,730,1,882,1,896,5,11622,1961,896,0,1,2,5,130574.33
1958,312,1,1329,1,1329,6,14267,1958,1329,0,1,3,6,147507
1998,482,2,928,2,1629,5,13830,1997,928,701,2,3,6,175846.34
1998,470,2,926,2,1604,6,9978,1998,926,678,2,3,7,186420
1992,506,2,1280,2,1280,8,5005,1992,1280,0,2,2,5,211169
1994,440,2,763,2,1655,6,10000,1993,763,892,2,3,7,187446.75
2007,420,2,1168,2,1187,6,7980,1992,1187,0,2,3,6,171020.02
1998,393,2,789,2,1465,6,8402,1998,789,676,2,3,7,179028.5
1990,506,1,1300,2,1341,7,10176,1990,1341,0,1,2,5,183819.06
1970,525,1,882,2,882,4,8400,1970,882,0,1,2,4,114459.1
1999,511,2,1405,2,1337,7,5858,1999,1337,0,2,2,5,196182.52
1971,264,1,483,1,987,6,1680,1971,483,504,1,2,5,90828
1971,320,1,525,1,1092,5,1680,1971,525,567,1,3,6,95118
1975,440,2,855,2,1456,6,2280,1975,855,601,2,3,6,150827
1975,308,1,836,1,836,7,2280,1975,836,0,1,2,4,147572.55
2010,751,2,1590,3,2334,9,12858,2009,1627,707,2,3,10,381001.35
2010,868,2,1544,3,1544,8,12883,2009,1544,0,2,3,7,265824.4
2005,730,2,1698,3,1698,9,11520,2005,1698,0,2,3,7,315803.06
2006,678,2,1822,3,1822,8,14122,2005,1822,0,2,3,8,305647.81
2004,958,2,2846,3,2696,9,14300,2003,2696,0,2,3,10,444998.62
2002,756,2,1671,3,2250,8,13650,2002,1687,563,2,3,7,323137.22
2006,484,2,1370,2,1370,8,7132,2006,1370,0,2,2,6,217571.89
2005,430,2,1324,2,1324,6,18494,2005,1324,0,2,3,6,175396.97
2006,437,2,1145,2,1145,7,3203,2006,1145,0,2,2,6,175953.9
2004,400,2,384,2,1374,7,13300,2004,744,630,2,3,7,167958.15
2004,433,2,847,2,1733,7,8577,2004,847,886,2,3,7,203490.19
1998,962,2,1629,3,2475,8,17433,1998,1645,830,2,4,7,342058.82
2006,880,2,1595,3,1595,8,8987,2005,1595,0,2,2,6,263080.11
2010,676,2,1218,2,1218,7,9215,2009,1218,0,2,2,4,209042.82
2005,528,2,1468,2,1468,6,10440,2005,1468,0,2,2,6,191651.53
2004,484,2,831,2,1659,7,11920,2004,831,828,2,3,8,190113.5
1950,429,1,816,1,1012,5,9800,1920,1012,0,1,2,5,106979.5
2002,461,2,1208,2,1494,6,15410,1974,1494,0,2,3,7,179934
1993,762,2,1231,3,2349,8,13143,1993,1251,1098,2,4,9,288940.52
1993,713,2,1390,3,2225,8,11134,1992,1402,823,2,4,7,278885.17
2005,506,2,1488,2,1488,7,4835,2004,1488,0,2,2,6,214537.3
2004,588,2,840,2,1680,7,3515,2004,840,840,2,2,3,185609.59
2004,480,2,600,2,1200,7,3215,2004,600,600,2,2,4,151235.46
2005,480,2,600,2,1200,7,2544,2004,600,600,2,2,4,150871.22
2005,480,2,600,2,1236,6,2544,2005,600,636,2,2,4,146279.05
2000,440,2,756,2,1512,6,2980,2000,756,756,2,2,5,167171.66
2003,496,2,530,2,1080,7,2403,2003,530,550,2,2,4,149298.36
2010,852,1,1642,3,1418,8,12853,2010,1418,0,1,1,6,299910.55
2000,592,2,975,2,1848,8,7379,2000,975,873,2,3,7,234044.04
2002,596,2,1492,2,1492,7,8000,2002,1492,0,2,3,6,209406.2
1967,535,2,1829,2,1829,6,10456,1967,1829,0,2,4,8,182834.8
1993,660,2,1280,2,2495,6,10791,1993,1280,1215,2,4,9,221912
1978,678,3,1224,2,1891,6,18837,1978,1287,604,3,3,7,190167
1971,441,1,715,2,1645,6,9600,1971,930,715,1,4,7,164301.5
1966,490,1,1232,2,1232,5,9600,1966,1232,0,1,3,6,146684.935
1966,504,1,1209,2,1209,5,9900,1966,1209,0,1,3,6,150226.435
1967,517,2,1510,2,1510,5,9680,1967,1510,0,2,3,6,166201.05
1964,480,2,533,2,1775,6,10600,1964,1131,644,2,3,8,174879.2
2001,0,2,1728,0,1728,5,13260,1962,1728,0,2,6,10,149266.94
2002,400,2,1140,2,2461,5,9724,1952,1929,532,2,3,7,185476.98
1950,470,2,782,2,1556,6,17360,1949,1019,537,2,3,6,162880.85
2008,315,1,1080,1,1128,6,11380,1966,1128,0,1,2,5,146141.07
1958,576,2,1604,2,1604,5,8267,1958,1604,0,2,4,8,139603.74
2009,620,2,1480,2,1480,7,8197,2003,1480,0,2,3,7,221906.2
1959,308,1,1143,1,1143,5,8050,1959,1143,0,1,3,6,137056
1959,312,1,1206,1,1206,5,10725,1959,1206,0,1,3,6,145167.435
1959,440,1,1244,2,1580,6,10032,1959,1580,0,1,3,6,166985.7
1956,263,1,832,1,1337,4,8382,1956,832,505,1,3,5,114330.16
1952,318,1,864,1,1064,5,10950,1952,1064,0,1,2,4,126726
1955,305,1,972,1,972,5,10895,1955,972,0,1,3,5,125987.33
1958,264,1,988,1,988,5,13587,1958,988,0,1,2,5,129159
1994,676,1,576,2,985,4,7898,1920,985,0,1,2,4,107059
2004,280,1,816,1,1224,6,8064,1948,816,408,1,3,5,127848.29
1960,484,1,1175,2,1175,5,7635,1960,1175,0,1,3,6,139007.685
1984,440,1,1395,2,1395,6,9760,1963,1395,0,1,2,7,162372.96
1954,240,1,709,1,1844,4,4800,1900,1157,687,1,3,9,118196.18
1950,0,1,936,0,936,5,4485,1920,936,0,1,2,5,98490
1957,551,1,1347,2,1347,5,5805,1957,1347,0,1,3,6,138709.5
2000,240,1,827,1,1251,6,6900,1938,827,424,1,3,6,123936.62
2009,240,1,1027,1,1633,5,11851,1948,1027,606,1,3,7,142381.71
1962,315,1,1008,1,1245,5,8239,1920,1060,185,1,3,6,121857.5
1970,780,1,678,2,832,2,9656,1923,832,0,1,2,5,94539.5
2003,288,2,930,1,1566,8,9600,1900,930,636,2,3,7,200498.49
2002,624,3,346,2,2268,8,9000,1890,1157,1111,3,3,7,231104.33
1950,0,2,840,0,2256,5,9045,1910,1128,1128,2,4,12,140412.74
1994,624,1,738,2,1470,6,10560,1922,868,602,1,2,6,166879.24
1997,363,1,988,1,1612,5,5830,1950,1030,582,1,3,7,143043.845
2005,315,1,1108,1,2068,7,7793,1922,1160,908,1,3,8,213533
1950,200,1,765,1,765,4,5000,1925,765,0,1,2,4,86514
1950,240,1,608,1,1132,6,6000,1939,608,524,1,2,5,98565.08
1950,576,1,572,2,1196,6,6000,1940,848,348,1,3,6,119159
1950,240,1,835,1,1453,5,6360,1942,955,498,1,3,7,116249.03
1950,312,1,780,1,1416,6,6000,1948,780,636,1,3,6,126469
1980,624,1,528,2,1040,5,6240,1936,548,492,1,2,5,111612.1
1950,480,2,928,2,1536,5,6240,1930,928,608,2,4,7,140494.31
1950,288,1,1124,1,1068,6,6120,1923,1068,0,1,2,5,118921.75
1950,572,1,888,2,1962,4,8094,1915,888,1074,1,4,9,130660.87
2009,0,1,780,0,1560,6,12900,1912,780,780,1,3,7,146740.69
1993,180,1,662,1,1324,6,3068,1920,662,662,1,3,6,107112.46
1959,365,2,1422,1,1675,5,15263,1959,1675,0,2,3,8,157585.55
1950,180,1,689,1,1224,5,10632,1917,725,499,1,3,6,107427.08
1950,0,1,1212,0,1392,5,9900,1915,1212,180,1,3,6,129517.5
1950,231,1,600,1,919,6,6001,1940,600,319,1,3,5,92421.54
1950,0,1,707,0,1884,4,6449,1907,942,942,1,4,7,122374.74
1950,450,2,856,2,1680,5,6048,1910,936,744,2,2,7,136446.14
1967,0,2,1832,0,1832,4,10773,1967,1832,0,2,4,8,145049.05
2008,416,1,864,1,892,5,7800,1966,892,0,1,3,5,127785.92
1968,280,1,864,1,864,5,7832,1968,864,0,1,2,4,113447.32
1978,591,1,1319,2,1373,5,7424,1978,1373,0,1,3,5,154285.265
1968,480,1,720,2,1440,5,11227,1968,720,720,1,4,7,158878.09
2001,690,1,1420,2,1483,7,20062,1977,1483,0,1,1,4,207504.5
1950,440,1,660,2,756,4,9259,1927,756,0,1,2,4,86566
1992,522,2,1117,2,1981,6,17082,1978,1117,864,2,4,8,211337.5
1990,480,2,972,1,1610,3,18600,1938,1052,558,2,4,8,137422.25
1987,467,1,663,1,1074,6,11479,1950,1074,0,1,3,6,131796.58
1979,209,1,756,1,1531,4,9350,1947,1169,0,1,3,8,123655.76
1998,366,1,1172,1,1172,5,9525,1954,1172,0,1,3,5,141000.375
2010,572,1,1508,2,1508,7,17485,2009,1508,0,1,1,5,246500.6
1964,504,2,1250,2,1298,5,11200,1964,1298,0,2,3,5,152712
1987,528,1,1433,2,1433,7,11980,1987,1433,0,1,1,4,188568.1
1993,1017,2,946,4,1802,6,12361,1993,964,838,2,3,8,201083
2010,615,2,1222,2,1222,7,7360,2010,1222,0,2,2,6,207740.69
1993,484,2,676,2,1445,6,14235,1900,831,614,2,3,6,154064.59
1996,580,1,870,2,965,5,11105,1996,965,0,1,2,4,145583.1
1998,513,2,878,2,1692,7,9337,1997,892,800,2,3,8,193208
2004,308,1,1026,1,1026,5,15240,1977,1026,0,1,3,5,143447.5
1972,484,1,876,2,876,5,7480,1972,876,0,1,3,5,119570
2003,850,2,1978,3,1978,8,10389,2003,1978,0,2,3,8,317022.42
1997,621,2,1040,2,2098,7,9375,1997,1044,1054,2,4,9,244270.66
2003,420,1,848,2,848,6,4435,2003,848,0,1,1,4,138383
2007,240,1,0,1,640,3,8777,1945,640,0,1,2,5,83409
1954,319,1,381,1,992,5,8842,1954,992,0,1,3,6,105260.5
1968,336,1,1196,1,1196,5,10044,1968,1196,0,1,3,6,147145.935
1950,480,1,744,2,1120,4,11792,1948,792,328,1,2,5,108693.25
1975,352,1,1008,1,1096,6,6305,1975,1096,0,1,3,5,132650.5
1958,0,1,960,0,960,4,6410,1958,960,0,1,3,5,105765.5
1999,260,2,1107,1,1296,5,4853,1924,1296,0,2,2,5,126932.125
1950,399,1,856,2,856,6,7890,1939,856,0,1,2,4,105953.65
1967,0,3,0,0,2650,4,7200,1967,862,1788,3,6,10,127336.14
1950,0,1,894,0,1666,5,9839,1931,894,772,1,3,7,149479.43
1985,312,1,1528,1,2133,7,10452,1941,1225,908,1,4,8,230795.57
1991,484,2,1032,2,2177,5,15600,1950,1102,1075,2,5,11,187589.09
2007,473,2,423,2,1652,7,19645,1994,896,756,2,3,6,186661.31
1989,598,1,982,2,1034,8,3907,1989,1034,0,1,1,4,206428.91
1989,531,2,1191,2,1191,8,3907,1989,1191,0,2,2,5,196991.55
1950,200,1,480,1,540,2,8154,1941,540,0,1,1,4,68512.5
1975,625,1,629,1,1107,6,9140,1921,727,380,1,2,5,113814.37
1950,330,1,756,1,952,4,8712,1896,952,0,1,3,5,103444.87
2005,525,2,1594,2,1646,8,3811,2004,1646,0,2,2,5,260466.51
1999,741,2,1049,3,1916,8,11050,1998,1036,880,2,3,8,264206.33
1977,473,2,1243,2,1285,6,9620,1977,1285,0,2,3,6,170560.435
1976,776,3,1958,2,2048,6,12760,1976,2048,0,3,5,9,203785.5
2008,660,2,1336,3,1346,7,11896,2008,1346,0,2,3,6,212129.52
2010,520,2,1214,2,1214,7,9803,2009,1214,0,2,2,6,207871.26
2007,400,2,384,2,1444,5,9802,2006,744,700,2,3,7,169390.46
1977,528,1,1068,2,1264,5,15300,1965,1264,0,1,2,7,156624.35
2005,624,2,1430,2,1430,5,10114,2004,1430,0,2,3,7,187033.14
1999,686,2,1344,2,1344,5,11875,1999,1344,0,2,3,7,170334.96
1973,253,1,945,1,945,5,2394,1973,945,0,1,2,5,114142.1
1970,0,1,546,0,1092,4,1476,1970,546,546,1,3,5,88340.5
1970,0,1,546,0,1092,4,1900,1970,546,546,1,3,5,88211.5
1972,286,1,546,1,1092,4,1890,1972,546,546,1,3,5,88874
2004,352,1,864,1,874,5,6953,1971,874,0,1,3,5,127814.59
1984,495,1,833,2,833,5,12887,1984,833,0,1,2,5,135419.5
1986,616,4,1216,2,2432,5,7700,1985,1216,1216,4,4,10,176958.08
1991,576,1,624,2,1274,5,10475,1991,624,650,1,3,6,143314.29
1969,275,2,864,1,1479,5,10544,1969,864,615,2,5,8,142706.86
1995,482,2,1679,2,1803,8,9892,1994,1803,0,2,3,6,266696.24
1994,616,2,1152,2,1797,6,12961,1993,1152,645,2,3,7,194923.5
1956,502,1,882,1,882,6,13008,1956,882,0,1,2,5,134101.66
1974,528,2,1434,2,1434,6,10200,1974,1434,0,2,4,7,169797.6
1997,470,2,945,2,1608,6,10179,1997,945,663,2,3,7,184649
2003,632,2,1008,3,2283,8,11792,2003,1008,1275,2,4,9,262822.3
1997,390,2,384,2,1628,7,8400,1996,958,670,2,3,7,173231.8
2005,564,2,2208,2,2522,8,7296,2004,2522,0,2,1,8,337281.15
1998,495,2,1418,2,1478,8,7380,1998,1478,0,2,2,5,241906.96
1996,528,2,1587,2,1734,8,8013,1995,1734,0,2,2,6,261381.12
1998,396,2,384,2,1382,7,8923,1998,751,631,2,3,7,165086.3
1999,440,2,952,2,1636,6,7500,1998,952,684,2,3,7,179688
1995,409,2,707,2,1516,6,8803,1994,707,809,2,3,7,182233.54
1993,430,2,1181,2,1190,6,7250,1993,1190,0,2,3,6,167752.06
1977,567,2,1122,2,1934,5,11900,1977,946,988,2,3,6,178764.53
1978,529,2,832,2,2050,7,13250,1978,1154,896,2,4,8,203623.1
1986,484,2,1427,2,1671,6,10928,1978,1671,0,2,3,7,187710.1
1991,441,2,1043,2,2673,7,12388,1980,1539,1134,2,4,9,255417.89
1998,479,2,1140,2,1707,6,11088,1978,1707,0,2,3,7,193171
2003,581,2,926,2,1884,7,7000,2003,1016,868,2,3,7,213153.27
2001,588,2,1058,2,1874,8,7500,2000,1058,816,2,3,7,243967.02
2002,565,2,972,2,1811,8,8470,2002,972,839,2,3,7,232170.74
1975,478,2,1621,2,1621,5,9373,1975,1621,0,2,3,7,170598.9
1974,528,2,1116,2,1116,6,10140,1974,1116,0,2,3,6,153441.5
1975,506,2,1176,2,1193,7,11050,1975,1193,0,2,3,5,163714.41
1970,477,1,1180,2,1180,5,7830,1970,1180,0,1,2,6,142869.795
1971,336,1,1043,1,1050,5,8510,1971,1050,0,1,3,6,135357.5
1970,576,1,864,2,864,4,7038,1970,864,0,1,3,5,118751.83
2006,576,1,864,2,864,4,9000,1971,864,0,1,3,5,125035.5
1973,264,1,483,1,987,6,1680,1973,483,504,1,2,5,94986
1972,288,1,483,1,987,6,1680,1972,483,504,1,2,5,94469
1976,440,2,804,2,1548,6,2308,1976,804,744,2,3,7,154409
1975,440,2,1057,2,1055,7,2280,1975,1055,0,2,2,4,156214.05
1977,440,2,855,2,1456,6,2349,1977,855,601,2,3,6,150898
1978,440,2,804,2,1548,6,2364,1978,804,744,2,3,7,154579
1978,440,2,855,2,1456,6,2364,1978,855,601,2,3,6,151254
1976,345,1,836,1,836,7,2104,1976,836,0,1,2,5,147095.05
2004,656,1,864,2,1120,5,10710,1966,1120,0,1,3,5,144583
2007,754,3,1776,3,2772,9,14257,2007,1794,978,3,4,10,428889.93
2009,864,2,1365,3,2690,9,12350,2009,1365,1325,2,3,8,386259.78
2008,896,2,2020,3,2020,9,12350,2008,2020,0,2,3,7,379181.17
2007,762,2,2630,3,2674,10,13693,2007,2674,0,2,2,8,449083.03
2008,834,2,1736,3,1736,9,11578,2008,1736,0,2,3,7,334967.03
2005,932,2,1782,3,1782,8,16870,2004,1782,0,2,3,7,309588.84
2007,640,2,1508,3,2520,8,23303,2007,1508,1012,2,5,10,343608.64
2008,927,2,1739,3,1743,9,10367,2008,1743,0,2,3,8,339765.5
2006,700,2,1504,3,1531,9,10872,2006,1531,0,2,2,6,284242
2008,850,2,1774,3,1808,9,13514,2008,1808,0,2,3,7,349774.93
2004,583,2,1760,2,1760,7,12878,2003,1760,0,2,3,8,242587.84
2003,886,2,2452,3,2452,9,15274,2003,2452,0,2,3,10,439345.97
2004,730,3,1082,3,2400,8,13262,2003,1105,1295,3,4,10,302074.1
2006,871,2,1598,3,1606,8,9658,2006,1606,0,2,3,6,255300.25
2005,484,2,1358,2,1358,6,6904,2005,1358,0,2,2,6,180392.75
2005,624,2,1306,2,1306,6,5122,2005,1306,0,2,1,5,180181.03
2008,484,2,1350,2,1358,7,10307,2007,1358,0,2,2,6,217476.2
2005,949,2,2492,3,2492,10,14836,2004,2492,0,2,2,8,435556.47
2004,685,2,2200,3,2200,8,15262,2003,2200,0,2,3,8,368249.68
2009,649,2,1884,2,1884,9,7390,2008,1884,0,2,2,6,341682.38
2008,539,2,1451,2,1456,9,6472,2008,1456,0,2,2,6,281781.96
2003,701,2,1712,3,1712,8,16770,2002,1712,0,2,3,8,292604.54
2003,478,2,1405,2,1405,7,3480,2003,1405,0,2,2,6,186959.35
2005,390,2,728,2,1456,7,10928,2005,728,728,2,3,8,180147.01
2006,392,2,745,2,1490,6,8918,2005,745,745,2,3,7,172944.31
2006,397,2,1220,2,1220,7,3182,2005,1220,0,2,2,5,168890.89
2005,400,2,384,2,1374,7,9434,2004,744,630,2,3,6,165687.4
2005,436,2,868,2,1630,7,7984,2004,868,762,2,3,7,187470
2004,434,2,846,2,1594,7,10125,2004,846,748,2,3,7,188133.85
2003,400,2,782,2,1489,7,8965,2003,806,683,2,3,8,181065.8
2003,393,2,698,2,1342,7,8174,2003,698,644,2,3,7,165240.1
2002,644,2,870,3,2004,8,12891,2002,878,1126,2,4,8,252499.49
2004,400,2,384,2,1374,7,9734,2004,744,630,2,3,7,165699.3
2000,394,2,794,2,1514,6,8433,2000,819,695,2,3,7,177716.82
2000,400,2,384,2,1430,7,7750,1999,774,656,2,3,7,167338.9
1999,658,2,1177,3,2312,7,15896,1999,1223,1089,2,4,8,274269.58
1999,410,2,384,2,1430,7,7848,1999,774,656,2,3,7,168197.9
2000,810,2,1455,3,2687,8,12720,2000,1466,1221,2,4,10,352279.27
1995,815,2,2024,3,2063,8,10750,1994,2063,0,2,3,7,334866.68
1996,647,2,1070,2,2061,7,9085,1995,1094,967,2,3,7,234245.12
1994,623,2,1173,2,2232,8,11692,1993,1215,1017,2,3,8,270752.35
2008,972,2,1696,3,1696,8,11194,2008,1696,0,2,3,7,288256.29
2008,726,2,1614,3,1658,8,10206,2008,1658,0,2,3,7,276637.74
2007,844,2,1702,3,1702,8,10130,2007,1702,0,2,3,7,273767.36
2006,492,2,1422,2,1432,8,9139,2006,1432,0,2,3,7,264178.41
2006,795,2,2458,3,2490,9,11128,2005,2490,0,2,2,9,422235.56
2009,529,2,1436,2,1436,7,7993,2008,1436,0,2,3,6,225053.72
2008,625,2,1402,2,1402,7,8640,2008,1402,0,2,3,7,221062.06
2008,984,2,1530,3,1530,9,12606,2007,1530,0,2,3,7,318611.32
2007,692,2,1372,2,1448,8,7500,2006,1448,0,2,2,6,253698.69
2006,782,2,900,3,1795,8,10603,2006,909,886,2,3,8,245422.66
2009,517,2,1836,2,1836,8,8125,2008,1836,0,2,3,8,296890.2
2007,711,2,1652,3,1662,7,10625,2006,1662,0,2,3,8,236762.43
2004,588,2,1553,2,1553,7,8736,2003,1553,0,2,3,6,213158.3
2003,628,2,812,2,1653,7,8127,2003,812,841,2,3,6,200331.14
2007,576,1,1218,2,1218,7,9605,2007,1218,0,1,3,6,191425.64
2006,484,1,1141,2,1141,7,7500,2006,1141,0,1,3,6,183497.11
2004,0,1,1158,0,1158,6,7500,2004,1158,0,1,3,5,137622.125
2004,478,2,835,2,1812,7,10628,2004,871,941,2,3,8,204091.4
2004,845,2,1512,3,1512,8,10141,2004,1512,0,2,3,6,249469.85
2005,576,1,1114,2,1114,7,13072,2004,1114,0,1,3,6,179516.33
2004,0,1,1114,0,1114,5,13072,2004,1114,0,1,3,6,131716.25
2004,576,2,1114,2,1114,5,12450,2003,1114,0,2,3,6,152512
2009,788,2,1450,3,1450,7,7328,2008,1450,0,2,2,6,225815.65
1997,559,2,913,2,2122,7,11492,1996,913,1209,2,4,8,241560.55
1992,528,2,816,2,1730,6,7703,1992,833,897,2,3,6,187463.5
1991,542,2,1332,2,1332,6,7175,1990,1332,0,2,2,5,176559.78
1994,495,2,754,2,1540,7,9109,1994,754,786,2,3,6,183021.45
1986,465,2,676,2,1400,6,10274,1986,698,702,2,3,6,166963.41
1981,612,2,0,2,1882,6,8250,1981,964,918,2,4,8,181798.59
1962,400,1,980,2,980,5,9750,1962,980,0,1,3,5,130757.5
1961,732,1,864,2,864,5,8499,1961,864,0,1,3,5,124032.15
1961,440,1,864,1,864,5,9079,1961,864,0,1,2,5,111194.45
1965,288,2,1024,1,1020,5,9316,1965,1020,0,2,3,5,130968.5
1995,300,1,912,1,912,5,7791,1963,912,0,1,3,6,128636.43
1962,252,1,912,1,912,5,7150,1962,912,0,1,3,6,115344.16
1980,864,2,2014,3,2014,8,15676,1980,2014,0,2,2,6,338094.28
2008,524,2,975,2,1755,7,11949,1991,975,780,2,3,7,220662.72
2005,704,2,1376,3,3005,7,2880,2004,1376,1629,2,3,9,312143.9
2008,561,2,1726,2,1726,6,3830,2008,1726,0,2,2,6,180236
2008,641,1,1145,2,1256,6,4217,2008,1256,0,1,1,5,168812.7
2000,440,2,756,2,1512,6,2998,2000,756,756,2,2,4,166626.66
1999,506,2,691,2,1452,7,3768,1999,713,739,2,3,6,167473.65
2008,642,2,1694,2,1694,8,14694,1977,1694,0,2,2,5,297886.59
1981,540,1,1740,2,1740,7,15417,1981,1740,0,1,2,7,242518.22
1976,527,2,392,2,2499,8,9600,1976,1487,1012,2,4,5,247563.87
1974,784,2,752,2,2067,7,12732,1974,1285,782,2,3,7,208292.1
1997,515,2,932,2,2640,6,10400,1967,1271,1369,2,5,8,213512
1969,502,2,1288,2,1336,5,9600,1969,1336,0,2,3,6,157613.755
1969,336,1,1216,1,1216,6,9000,1969,1216,0,1,3,5,148318.935
1992,520,1,908,2,2288,7,13774,1977,1316,972,1,4,8,232106.48
1967,312,1,864,1,864,5,7130,1967,864,0,1,2,5,114447.81
1967,440,1,1568,2,1568,5,9600,1967,1568,0,1,3,7,162182.05
1974,498,2,1165,2,2061,7,9600,1974,1165,896,2,4,8,202421.7
1971,495,2,1232,2,1320,6,16500,1971,1320,0,2,3,5,157154
1960,396,1,894,2,894,4,7436,1960,894,0,1,2,5,112017.83
1959,308,1,864,1,864,5,8125,1959,864,0,1,3,5,111340.77
1957,768,1,1040,3,1362,4,9450,1957,1362,0,1,3,6,138470.5
1956,576,2,1048,2,1728,5,13495,1956,1728,0,2,3,7,154169
1995,610,1,1313,2,1313,5,9350,1961,1313,0,1,3,6,154780.755
1964,520,1,1292,2,1292,5,10500,1964,1292,0,1,3,6,153730.755
1965,549,2,744,2,2140,5,8970,1965,825,1315,2,4,7,160333.23
1961,368,1,1208,2,1576,6,11475,1961,1576,0,1,4,7,167234.2
1955,330,1,960,1,960,5,9768,1955,960,0,1,2,5,122284
1967,550,1,1680,2,1691,6,9900,1967,1691,0,1,2,5,173724.55
1961,530,2,1453,2,1453,6,10573,1961,1453,0,2,3,6,164652.9
2008,542,2,1562,2,1567,6,14695,1966,1567,0,2,2,5,196140.25
1956,286,1,1169,1,1144,5,8760,1956,1144,0,1,3,6,135161.5
1960,441,1,1329,2,1329,7,12285,1960,1329,0,1,3,5,154575.69
1998,297,2,988,1,988,6,9240,1959,988,0,2,3,6,138999.625
1956,304,1,1202,1,1202,5,8750,1956,1202,0,1,3,6,140213
1955,350,1,1382,1,1382,5,8750,1955,1382,0,1,3,6,139471
1956,294,1,1200,1,1200,4,10400,1956,1200,0,1,3,6,135898.25
1958,495,2,1866,2,1866,5,9482,1958,1866,0,2,4,8,149631.74
1954,297,1,1062,1,1062,6,8128,1954,1062,0,1,3,6,133129
1951,480,1,631,2,1112,5,13070,1951,1112,0,1,2,5,127510.5
1950,240,1,793,1,793,5,8480,1945,793,0,1,2,4,103182.16
2005,230,1,1031,1,1031,5,7626,1952,1031,0,1,2,5,123030.125
1953,616,1,0,1,1210,5,9533,1953,1210,0,1,2,7,115012
1999,410,1,699,2,1527,7,11419,1948,801,726,1,3,6,172270.3
1950,246,1,1200,1,1200,5,9600,1950,1200,0,1,3,6,129935.25
1958,366,1,792,1,792,3,5470,1958,792,0,1,2,4,99891.99
2006,720,2,676,2,1352,5,10800,1939,676,676,2,4,7,133672.68
2003,281,1,405,1,1039,4,8146,1900,717,322,1,2,6,93451
1950,264,1,1054,1,1078,5,10230,1925,1078,0,1,3,6,122748.5
1950,528,2,1313,2,2377,4,10410,1915,1313,0,2,3,8,140454.2
2008,624,2,560,2,1690,7,7200,1910,930,760,2,4,5,172892.08
1950,0,1,416,0,599,2,5400,1940,599,0,1,2,4,60900
1950,576,1,720,2,846,5,10800,1920,846,0,1,2,4,104166
1998,320,1,630,1,725,3,10800,1890,725,0,1,1,4,83215
1969,907,2,1248,3,2544,6,9671,1969,1248,1296,2,6,12,203813.7
1963,364,1,1380,1,1380,6,10143,1963,1380,0,1,3,6,152852.5
1967,480,1,1040,2,1040,6,11500,1967,1040,0,1,3,6,145063.5
2007,480,1,951,2,951,6,8010,1958,951,0,1,2,6,135000
1957,308,1,1105,1,1105,6,10454,1957,1105,0,1,3,5,143070.25
1958,384,1,160,1,1142,6,9000,1958,1142,0,1,2,5,115038
1950,900,1,795,2,1133,6,8064,1950,765,368,1,3,5,124997
1958,294,1,1041,1,1041,5,7350,1958,1041,0,1,3,6,130304.5
1952,240,1,732,1,732,5,7200,1952,732,0,1,2,4,104169
1959,288,1,528,1,1183,5,8000,1959,1183,0,1,3,6,120958.935
1996,384,2,832,1,1461,4,10800,1949,832,629,2,4,6,125780.19
1994,576,1,864,2,1495,6,8064,1948,1064,0,1,3,6,171539.34
1964,483,1,780,2,1806,6,7570,1964,993,813,1,4,8,156960.03
1978,564,1,941,2,941,5,8604,1978,941,0,1,2,4,140631.7
1963,264,1,1045,1,1045,6,7936,1963,1045,0,1,3,6,130006
1998,162,1,901,1,1378,6,4080,1935,861,517,1,3,6,110376.83
1950,324,2,972,2,1944,6,10307,1910,972,972,2,4,12,163421
2003,472,1,240,2,1306,5,15660,1910,810,496,1,3,6,122783.5
2002,0,2,504,0,1464,5,9900,1910,764,700,2,3,7,122306.5
1950,400,1,690,2,1558,5,6406,1939,868,690,1,3,7,143839.19
1950,0,2,600,0,1701,4,7627,1920,1101,600,2,4,8,119211.5
1950,0,1,801,0,1447,5,10134,1910,801,646,1,3,6,120499
1970,308,1,768,1,1328,5,6000,1950,768,560,1,3,6,121120.58
1950,288,1,861,2,861,4,7404,1920,861,0,1,2,5,96833.5
1950,308,1,0,1,612,2,5925,1940,612,0,1,1,4,68890
1950,287,1,624,1,792,5,8520,1923,792,0,1,2,5,94405.5
1950,720,2,677,2,1510,4,9600,1910,833,677,2,3,7,124549
1950,357,2,917,1,2007,6,8400,1900,1090,917,2,3,8,145506.37
2007,280,1,624,1,1288,6,3600,1917,664,624,1,3,5,114078.11
1950,0,1,624,0,816,4,3300,1910,816,0,1,2,5,66634.5
1950,207,1,972,1,1480,6,5400,1920,1044,0,1,3,6,125763.37
2002,640,1,741,3,1521,6,9720,1910,780,741,1,4,8,155378.5
1950,0,1,245,0,797,3,9392,1900,797,0,1,2,5,66594.5
1950,216,1,1022,1,1432,6,6615,1923,1432,0,1,3,6,135258
1982,336,2,297,1,1654,5,4960,1930,1001,653,2,3,7,119877.18
1950,320,1,468,1,1142,5,6000,1924,822,320,1,3,6,102798
1999,264,1,960,1,995,5,6120,1925,995,0,1,2,5,115031.5
1950,250,2,952,1,1582,5,6120,1938,994,588,2,3,6,132658.53
1950,1184,1,1072,5,1072,5,8635,1925,1072,0,1,2,5,123350.25
1950,576,2,1048,2,1768,6,8094,1915,1048,720,2,3,8,165201.5
1994,216,2,672,1,1944,7,9928,1915,1272,672,2,3,8,170986.9
1950,0,2,1040,0,2128,5,3000,1922,1088,1040,2,4,11,138090.89
1950,316,2,720,1,1930,6,6876,1927,1146,784,2,4,8,145958.5
2002,379,1,483,1,1427,6,5775,1915,741,686,1,3,7,114107.26
2000,0,2,1020,0,1864,7,5852,1902,978,886,2,6,9,180046.18
1950,384,1,1204,1,1666,6,5160,1927,1204,462,1,3,4,141810.43
1950,0,1,858,0,892,4,5160,1923,892,0,1,1,5,89641.5
1965,308,1,698,1,1403,6,10320,1915,754,649,1,3,7,130811.58
2001,220,1,560,1,704,4,4280,1946,704,0,1,2,4,89466.5
1988,0,3,1200,0,1200,5,10800,1987,1200,0,3,3,5,164125.82
1978,252,2,1152,1,1152,5,10547,1978,1152,0,2,2,6,146639.685
1950,226,2,585,1,1112,5,9780,1934,687,425,2,4,6,104922
1967,668,1,1052,1,1052,5,11625,1967,1052,0,1,3,6,139605.5
1978,504,1,456,2,1034,6,8014,1978,1034,0,1,3,5,135128.87
1961,384,2,552,1,1774,5,15400,1961,904,611,2,4,8,139602.81
1960,480,1,1138,2,1138,6,15312,1960,1138,0,1,3,6,153531.5
1956,336,1,825,1,2071,5,15584,1956,2071,0,1,4,9,154930.4
1950,0,1,0,0,660,2,9000,1947,660,0,1,2,5,66771
1954,498,1,0,2,1383,4,15635,1954,1383,0,1,2,6,134829.64
1956,340,1,1073,1,1073,5,9571,1956,1073,0,1,2,5,131193.5
1950,240,1,747,1,1639,6,9350,1946,892,747,1,3,6,149607.98
1954,252,1,1089,1,1089,5,7440,1954,1089,0,1,3,5,129537
1984,266,2,1049,1,1049,5,4235,1984,1049,0,2,2,5,129250.165
1991,462,1,1054,2,1061,7,10778,1990,1061,0,1,1,4,179407.82
1983,576,1,520,2,1338,6,19255,1983,1338,0,1,2,5,151732.69
1994,473,2,1079,2,1879,7,10560,1993,1079,800,2,3,8,226380.91
2007,576,1,0,2,2016,5,26400,1880,1288,728,1,4,7,145602.34
1979,720,2,0,2,2228,5,7018,1979,1114,1114,2,6,8,147376.95
1979,400,2,0,2,1535,5,7018,1979,1535,0,2,4,8,127523.24
1979,672,0,1094,2,1229,5,7040,1979,1229,0,0,2,6,154017.475
1979,400,2,0,2,1513,5,7007,1979,1513,0,2,4,8,127523.24
2000,820,4,1168,4,2787,7,11855,2000,1168,1619,4,6,8,296643.87
2000,820,4,1168,4,2787,7,7939,2000,1168,1619,4,6,8,299317.13
2000,820,4,1168,4,2787,7,7976,2000,1168,1619,4,6,8,300777.13
2009,1138,1,1555,3,1680,9,10933,2009,1680,0,1,1,8,335113.56
2008,846,2,1720,3,1720,9,10816,2008,1720,0,2,3,8,330174.53
2008,904,2,1468,3,1468,8,9178,2008,1468,0,2,3,6,258323.45
2008,524,2,1838,2,1838,8,11422,2007,1838,0,2,3,7,280791.94
2007,662,2,1282,2,1290,7,6762,2007,1290,0,2,2,6,195995.66
2008,810,2,1254,3,1254,8,10324,2008,1254,0,2,2,5,243443.92
2006,844,2,1498,3,1498,8,11645,2005,1498,0,2,3,7,246341.18
2006,440,2,704,2,1422,6,11646,2005,704,718,2,3,7,166306.05
1993,525,2,1449,2,1759,7,16698,1992,944,815,2,3,7,237436.01
1994,440,1,990,1,990,5,9757,1994,990,0,1,3,5,136808.455
1998,539,2,1463,2,1463,7,14753,1998,1463,0,2,3,5,202436.61
1998,492,2,928,2,1772,6,8750,1998,928,844,2,3,7,202094
2001,577,2,1431,2,1444,7,10739,2002,1444,0,2,3,6,188654
2001,608,2,1492,2,1492,7,11166,2001,1492,0,2,3,6,214494.7
1978,343,1,907,1,907,5,16269,1978,907,0,1,3,5,135266.93
1979,444,1,914,2,914,5,6950,1979,914,0,1,2,5,138374.5
2002,1231,2,1569,3,1611,7,11664,2002,1611,0,2,3,6,230106.45
2003,570,2,1068,2,2184,8,12334,2003,1068,1116,2,4,8,260991.82
2002,550,2,840,2,1725,7,8749,2002,840,885,2,3,6,199418
2001,608,2,944,2,1870,7,11250,2001,944,926,2,3,6,228705.78
2000,521,2,1462,2,1513,8,15750,1999,1513,0,2,2,5,246264.12
2003,523,2,1822,2,1828,8,12782,2002,1828,0,2,3,7,263671.52
1998,511,2,1417,2,1417,7,8750,1997,1417,0,2,3,7,188654.46
2007,810,2,1578,3,1602,8,10200,2007,1602,0,2,3,7,257834.4
2007,440,2,608,2,1396,6,11069,2007,608,788,2,3,6,161719.86
1971,544,1,1014,1,1149,4,10682,1960,1149,0,1,3,7,132047.8
2006,525,1,547,2,1072,6,3675,2005,1072,0,1,2,5,144635
1959,320,1,876,1,876,4,6410,1959,876,0,1,3,5,114624.99
1950,195,1,1078,1,1368,5,11767,1950,1368,0,1,3,6,135133.5
1959,0,2,1678,0,1678,5,10926,1959,1678,0,2,6,10,133006.1
1956,313,1,1150,1,1560,5,11767,1956,1560,0,1,2,7,150550.5
1950,256,1,720,1,1298,5,8212,1941,854,444,1,3,6,114714
1950,250,1,832,1,1268,5,6300,1938,832,436,1,3,7,115564.83
1950,180,1,583,1,1242,6,5707,1935,647,595,1,3,6,100257.54
2000,440,1,816,2,1232,6,8574,1916,1232,0,1,3,6,135924.5
1990,215,1,600,1,1228,7,7155,1918,628,600,1,3,6,142910.93
1950,440,1,840,2,1567,5,13680,1940,840,727,1,2,6,149094.21
1960,307,1,1273,1,1273,5,14680,1960,1273,0,1,2,5,146682
1950,400,2,920,2,2480,7,8145,1940,1240,1240,2,5,13,229468.02
1954,390,1,1112,1,1112,5,9100,1954,1112,0,1,2,6,131596.75
1960,463,2,1561,2,1561,6,13339,1960,1561,0,2,3,6,175581.45
2005,295,2,1067,1,1523,5,15600,1949,986,537,2,3,7,160055.84
1954,576,1,1310,2,1906,6,17500,1954,1906,0,1,3,6,192713.5
1980,452,1,516,2,1032,6,1733,1980,516,516,1,2,5,120573.76
1992,462,1,561,2,1229,6,1488,1980,561,668,1,2,5,128273.8
1980,462,1,561,2,1229,6,1612,1980,561,668,1,2,5,126330.97
1986,501,2,572,2,1982,6,13607,1986,1182,800,2,3,6,189929.7
2009,551,2,1803,2,2365,7,17597,1971,2365,0,2,3,7,271690.92
1993,576,2,760,2,2168,5,8660,1900,928,928,2,5,11,140282.37
1950,200,1,572,1,572,4,10200,1925,572,0,1,2,4,84844.5
2008,482,2,1596,2,1648,8,3843,2007,1648,0,2,2,5,296870.17
1950,280,1,0,1,810,2,21780,1910,810,0,1,1,4,70150
2001,642,2,1107,3,2052,8,10125,2000,1040,1012,2,3,7,262496.85
1977,351,1,902,1,926,6,9750,1977,926,0,1,2,5,133177.59
1977,541,1,957,2,1287,6,9360,1977,1287,0,1,2,5,154826.675
1991,672,2,1582,2,1595,5,11070,1991,1595,0,2,2,5,178238.7
2008,780,2,2190,3,2036,9,13438,2008,2036,0,2,3,9,382834.99
2008,885,2,1641,3,1641,9,14463,2008,1641,0,2,3,7,329789.7
2006,440,2,712,2,2237,6,9839,1980,1375,862,2,3,7,197399.5
1989,578,2,1645,2,1479,7,14419,1987,1479,0,2,3,7,213297.41
2003,486,2,912,2,2014,7,9157,2003,1072,942,2,3,9,220664.3
2007,920,2,1978,3,1978,9,12633,2007,1978,0,2,2,7,381511.9
1968,384,1,1008,1,1008,5,12518,1968,1008,0,1,3,6,137689.33
2000,504,2,1188,2,1404,5,13383,1969,1404,0,2,3,7,164126.66
1972,336,1,796,1,796,5,7689,1972,796,0,1,2,4,117907.32
1996,429,1,384,1,1091,6,7706,1993,1091,0,1,2,5,128597.76
1993,698,1,828,2,883,5,7669,1992,883,0,1,2,5,138379.33
1992,440,1,624,2,1287,5,10429,1992,624,663,1,3,6,141183.95
1969,898,1,784,2,1632,5,10457,1969,784,848,1,4,7,166324.05
1998,470,2,926,2,1604,6,8702,1997,926,678,2,3,7,187165
1996,420,2,680,2,1470,6,8139,1995,680,790,2,3,7,180902.4
1998,472,2,926,2,1604,6,9535,1998,926,678,2,3,7,185858
1996,386,2,916,2,1636,6,15038,1996,916,720,2,3,7,192440.4
1997,404,2,1348,2,1384,5,14137,1996,1384,0,2,3,7,171859.64
1997,528,1,1664,2,1682,8,6264,1997,1682,0,1,1,6,265171.24
1992,506,2,1280,2,1280,8,5070,1992,1280,0,2,2,5,211244
1998,460,2,932,2,1633,6,11184,1998,932,701,2,3,7,186167.5
1991,416,2,836,2,1709,6,14067,1991,851,858,2,3,7,195850
1989,462,2,1337,2,1337,8,5950,1989,1337,0,2,2,5,202183.4
2005,683,3,1168,3,2500,8,13543,2005,1168,1332,3,5,9,314020.46
2004,670,2,1884,3,1884,9,15401,2004,1884,0,2,2,7,355900.5
1952,495,1,1632,2,1474,6,31220,1952,1474,0,1,3,7,173329
2007,557,2,1710,2,1710,9,8118,2007,1710,0,2,2,6,298874.43
1950,738,2,1488,2,1488,6,47280,1950,1488,0,2,3,6,178561
1988,528,2,1675,2,1688,7,12680,1988,1688,0,2,2,6,230482.28
1983,598,2,1260,2,1260,7,10825,1983,1260,0,2,3,6,177666.85
1978,550,2,2048,2,2064,7,18559,1978,2064,0,2,3,7,262363.61
1979,551,2,1782,2,1782,7,14450,1979,1782,0,2,3,6,247604.36
1976,461,2,1211,2,1211,6,13068,1976,1211,0,2,3,6,164663.5
1988,489,2,738,2,2044,7,10400,1980,1277,767,2,3,7,206140.65
1969,484,1,720,2,1308,5,9743,1969,720,588,1,3,7,136264
1978,1314,2,1420,4,2840,7,12511,1978,1420,1420,2,4,8,283285.63
1976,473,2,1444,2,1444,6,10400,1976,1444,0,2,2,5,171811.9
1996,787,2,1236,3,2340,8,14311,1996,1236,1104,2,4,9,293609.89
1974,480,2,896,2,1792,5,9000,1974,896,896,2,4,8,168906.31
1969,288,1,936,1,936,4,10295,1969,936,0,1,2,4,113659.5
1971,576,1,864,2,864,5,7560,1971,864,0,1,3,5,120195
1973,264,1,483,1,987,6,1680,1973,483,504,1,2,5,94986
1972,352,1,483,1,987,6,1890,1972,483,504,1,2,5,98892.33
1972,264,2,630,1,1302,5,1680,1972,630,672,2,3,6,109309.38
1975,460,2,855,2,1456,6,2308,1975,855,601,2,4,7,149886.64
1977,440,2,1055,2,1055,7,2529,1977,1055,0,2,2,4,151658.85
2007,905,2,1582,3,1582,8,12704,2007,1582,0,2,3,7,261048.2
2007,650,2,2418,3,2464,8,13693,2007,2464,0,2,4,9,387503.48
2007,706,2,1950,3,1950,9,14418,2007,1950,0,2,2,7,374221.1
2006,850,2,1850,3,2748,9,13418,2006,1850,898,2,4,9,429257.92
2006,1150,2,1620,4,2790,10,12539,2005,1632,1158,2,4,10,421979.51
2005,1003,2,1414,3,2331,9,12151,2005,1414,917,2,3,9,347657.34
2007,656,2,948,3,2088,8,8899,2007,948,1140,2,4,10,278678.7
2004,756,2,1148,3,2332,8,10574,2004,1170,1162,2,4,9,289365.63
2003,789,1,2535,3,2470,10,12720,2003,2470,0,1,1,7,437318.57
2004,732,2,1603,3,1575,8,10845,2003,1575,0,2,2,7,255741.26
2002,746,2,1479,3,2649,8,16900,2001,1515,1134,2,4,10,355397.8
2003,795,2,1765,3,2690,8,16451,2003,1804,886,2,4,9,371962.87
2008,870,2,1858,3,1866,9,10110,2008,1866,0,2,2,7,347602.43
2005,484,2,1367,2,1367,7,12304,2005,1367,0,2,2,6,189640.49
2008,944,2,1800,3,1800,9,8232,2007,1800,0,2,2,6,336018.65
2007,550,2,1342,2,1342,8,6240,2006,1342,0,2,2,6,221144.2
2007,550,2,1342,2,1342,8,6240,2006,1342,0,2,2,6,221144.2
2004,474,2,764,2,1626,7,2448,2003,764,862,2,2,6,160798.4
2003,644,2,1415,3,1455,7,3940,2003,1455,0,2,2,6,190401.8
2004,668,2,1393,3,1576,7,3940,2004,1576,0,2,2,7,197309.25
2008,428,2,1146,2,1246,7,3710,2007,1246,0,2,2,5,190221.9
2004,393,2,789,2,1515,6,9024,2004,813,702,2,3,8,178975.79
2003,400,2,840,2,1720,7,8010,2002,840,880,2,3,7,190877.87
2003,434,2,847,2,1986,7,8396,2003,847,1139,2,4,9,218049.1
2008,484,2,1350,2,1358,7,7301,2007,1358,0,2,2,6,219995.89
2001,431,2,982,2,1892,7,8220,2000,1008,884,2,3,8,214585.08
2002,403,2,707,2,1414,7,7750,2002,707,707,2,3,6,177182.05
2000,400,2,1037,2,2322,7,12460,1999,1037,1285,2,4,8,252268.66
1999,450,2,831,2,1651,7,8390,1999,873,778,2,3,7,187001.65
1997,516,2,1173,2,2199,8,9660,1997,1182,1017,2,3,9,261362.4
2000,687,2,1519,3,2172,9,11000,2000,1533,639,2,4,8,322075.21
1998,938,2,1982,3,2006,8,11675,1998,2006,0,2,2,5,344025.19
1997,576,2,1064,2,2125,7,10990,1996,1064,1061,2,4,12,251449.5
1995,751,2,1242,3,2501,8,11929,1995,1251,1250,2,4,9,300673.43
1994,783,2,1080,3,2197,7,10010,1993,1108,1089,2,4,9,252192.63
2006,642,2,1578,3,1578,7,13253,2006,1578,0,2,3,7,226341.99
2007,851,3,1341,3,1861,8,9801,2007,1341,520,3,3,7,270208.98
2008,880,2,955,3,1874,8,9428,2007,955,919,2,3,8,261544.89
2007,480,2,1460,2,1460,8,10037,2006,1460,0,2,3,6,248225.31
2008,588,2,1363,2,1372,8,8640,2007,1372,0,2,3,6,247892.78
2007,660,2,1660,3,1660,8,10625,2007,1660,0,2,3,7,270730.31
2008,462,2,1218,2,1218,7,7500,2007,1218,0,2,2,6,200417.53
2003,542,2,835,2,1696,6,10110,2003,835,861,2,3,7,194730.5
2004,478,2,835,2,1663,7,12774,2003,835,828,2,3,8,193970
2006,0,1,1175,0,1175,6,13072,2005,1175,0,1,3,6,146330.39
2007,483,2,1162,2,1162,7,9260,2007,1162,0,2,3,6,191111.81
1995,525,2,754,2,1609,6,8453,1995,754,855,2,3,6,186079.35
1994,474,2,886,2,1680,6,8480,1993,886,794,2,3,7,189556
1995,483,2,832,2,1657,7,14565,1994,832,825,2,3,6,196752.4
2001,627,2,827,2,1677,6,8450,2001,827,850,2,3,7,192522
1992,506,2,836,2,1737,7,8285,1992,844,893,2,3,7,205234.85
1963,384,1,984,1,984,5,9100,1963,984,0,1,3,5,127693.33
2007,420,1,864,1,864,5,8100,1961,864,0,1,3,5,125085.48
1968,308,1,890,1,890,5,8450,1968,890,0,1,3,5,114422.82
1963,276,1,864,1,864,5,6360,1963,864,0,1,3,5,110529.79
1974,484,2,1430,2,1430,6,19508,1974,1430,0,2,3,6,177037.7
1972,490,2,1001,2,1641,5,10759,1972,1001,640,2,4,5,157280.14
1991,473,2,930,2,2683,6,9205,1990,1364,1319,2,4,9,214019
1994,636,2,1848,2,2786,9,11025,1993,1827,959,2,4,10,403869.35
2005,495,2,1235,2,1245,7,3435,2004,1245,0,2,1,5,178021.25
2005,480,2,600,2,1200,6,3180,2005,600,600,2,2,5,145130.9
2007,540,2,689,2,1392,7,3180,2007,703,689,2,2,5,153288.85
1999,440,2,744,2,1549,6,2280,1999,757,792,2,3,6,169412.33
2000,495,2,1614,2,1638,9,4765,2000,1638,0,2,2,5,287253.56
2001,545,1,1310,2,1310,9,4538,2001,1310,0,1,1,5,256698.36
2001,588,1,1419,2,1419,9,4385,2001,1419,0,1,2,5,276125.22
2000,484,2,1557,2,1557,9,4109,1999,1557,0,2,2,5,280489.12
2000,462,2,672,2,1404,7,2160,1999,684,720,2,3,5,162488.72
2001,546,2,858,2,1789,7,10646,2001,872,917,2,3,7,207264.25
1999,480,2,960,2,1586,8,2645,1999,962,624,2,3,7,211207
2000,480,2,960,2,1607,8,2645,1999,962,645,2,3,7,212330
1999,846,2,970,2,2393,10,3951,1998,1469,924,2,2,7,326343.88
1995,477,1,1230,2,1239,8,11064,1995,1239,0,1,1,4,221956.12
1977,864,2,994,3,2944,9,24572,1977,1599,1345,2,3,9,385454.35
2007,550,3,1426,2,1671,8,16280,1976,1671,0,3,3,6,263474.74
2002,469,2,952,2,1812,7,7500,2002,952,860,2,3,7,204846.83
1969,516,2,1427,2,1427,6,11104,1969,1427,0,2,4,7,168723
1968,512,1,1740,2,1740,6,11050,1968,1740,0,1,4,8,166510.6
1967,578,2,1620,2,1620,7,15387,1967,1620,0,2,4,8,217257.3
1965,484,2,1625,2,1625,5,9750,1965,1625,0,2,4,8,147464.2
1968,470,1,732,2,1464,5,8814,1968,732,732,1,4,7,155043.33
2005,576,1,912,2,925,5,8125,1965,925,0,1,3,5,136452
1965,576,2,1728,2,1728,5,11072,1965,1728,0,2,6,10,143426.3
1971,464,1,825,2,1670,7,13355,1971,845,825,1,4,7,175928
1956,267,1,0,1,1014,5,7785,1956,1014,0,1,2,6,104207.5
1961,451,1,1114,2,1114,5,9900,1961,1114,0,1,3,5,143342.5
2000,264,1,1118,1,1118,5,11332,1960,1118,0,1,3,6,143898.75
1950,231,1,348,1,906,4,4882,1937,453,453,1,2,5,81468.5
1960,450,2,1296,2,1496,5,9600,1960,1496,0,2,3,6,158233.5
2006,264,1,572,1,1337,5,9600,1950,1337,0,1,3,7,125306
1953,312,1,1036,1,1036,5,7584,1953,1036,0,1,3,5,127230.5
1999,480,2,1104,2,1988,6,14670,1966,1104,884,2,4,9,209036
1957,292,1,1176,1,1176,5,8856,1957,1176,0,1,3,6,140438.25
1998,480,2,1248,1,1440,5,9840,1959,1440,0,2,2,7,163553.125
1958,441,1,1395,2,1570,6,13200,1958,1570,0,1,3,5,158974.4
1958,384,1,1104,1,1104,5,10425,1956,1104,0,1,3,5,135487
1952,240,1,720,1,882,5,11556,1952,882,0,1,2,4,110611.33
1953,636,1,1152,2,1152,5,9373,1953,1152,0,1,3,6,139581.25
1953,400,1,984,2,950,5,12774,1953,950,0,1,2,5,132282
1957,540,2,998,2,1790,6,14250,1957,1790,0,2,3,6,187013.9
1982,301,2,0,1,1764,5,8838,1957,1764,0,2,4,7,117921.33
1957,484,2,1824,2,1824,5,12436,1957,1824,0,2,5,9,152631.4
1950,390,1,0,1,869,4,10122,1948,869,0,1,1,3,90108
1950,288,1,747,1,1159,5,7506,1925,747,412,1,3,5,116592.5
2005,308,1,672,1,672,4,5400,1940,672,0,1,2,4,96513
1950,1488,1,892,4,1436,5,10836,1922,1254,182,1,3,7,149383
1968,372,1,912,2,1044,5,10180,1968,1044,0,1,3,5,135949.5
2001,495,1,1312,2,1312,7,11355,1958,1312,0,1,3,6,176618.71
1993,401,1,1081,1,1081,6,12929,1960,1081,0,1,3,5,145108.75
1951,576,1,876,2,876,5,7200,1951,876,0,1,2,5,115683.32
1959,311,1,1256,1,1256,5,8000,1959,1256,0,1,3,6,143750.685
1962,299,1,1027,1,1027,5,8000,1962,1027,0,1,3,6,128858
1950,576,2,768,2,1320,6,8064,1948,819,501,2,3,5,134560
1954,280,1,936,1,984,6,6390,1954,984,0,1,2,4,120364
1954,240,1,854,1,1278,6,7200,1954,854,424,1,4,6,119542.66
1961,0,2,1800,0,1800,5,8513,1961,1800,0,2,6,10,137710
1967,480,1,768,2,1588,5,7200,1955,1024,564,1,3,6,144389.14
1954,350,1,825,1,825,5,7200,1954,825,0,1,2,4,112221.81
1963,264,1,1117,1,1117,5,7590,1963,1117,0,1,3,6,137023
2008,308,1,192,1,1133,6,9836,2008,1133,0,1,3,7,134341
2005,400,1,780,2,1323,5,9184,1948,948,375,1,3,6,134760.5
2003,330,1,680,1,1360,5,4800,1910,680,680,1,2,6,116144.58
1950,256,1,672,1,672,5,4800,1940,672,0,1,2,4,95745
2005,308,1,728,1,1456,6,6000,1915,728,728,1,4,7,128581
1996,0,2,828,0,1594,4,11426,1910,828,658,2,3,9,122396.5
1985,440,2,801,2,1656,4,7628,1940,1095,561,2,2,8,136747.64
1950,225,1,936,1,1740,5,7308,1920,960,780,1,2,6,141074.42
2006,0,1,931,0,1027,7,5400,1920,1027,0,1,2,5,154517.45
1950,828,2,884,2,1436,6,10800,1940,884,552,2,3,8,162183.9
1950,200,1,481,1,899,5,6756,1910,899,0,1,2,5,92067.5
1996,0,1,684,0,1080,5,5914,1890,684,396,1,3,5,98458.16
1950,869,1,904,3,1499,5,9000,1946,904,595,1,3,5,144995.34
1950,297,1,407,1,407,2,7311,1946,407,0,1,1,3,67956
1992,0,2,448,0,1588,3,12205,1949,1588,0,2,5,6,117429.48
2006,420,2,797,2,1627,5,9142,1900,830,797,2,4,10,133400.87
1965,288,1,624,1,1450,7,5350,1920,730,720,1,3,7,146364
2003,308,1,346,1,1017,5,9143,1900,709,308,1,2,5,97548.5
1960,393,2,973,2,2350,5,9600,1920,1377,973,2,4,10,157076.31
2005,0,1,572,0,1540,5,6000,1905,884,656,1,3,7,124595.02
1950,400,1,723,2,1086,2,11340,1920,723,363,1,2,5,95905.5
1999,342,2,1313,2,2495,7,10800,1890,1313,1182,2,5,10,258606.77
1959,308,1,984,1,984,5,9750,1959,984,0,1,2,5,127631
2006,308,1,869,1,1093,4,8516,1958,1093,0,1,2,5,127637
1983,288,1,1008,1,1143,5,7111,1928,1143,0,1,2,5,123963.625
1950,252,1,672,1,1668,7,7425,1945,1195,473,1,3,8,161869
1950,240,2,1024,1,1738,5,7010,1935,1144,594,2,3,6,137590
2006,240,1,672,1,1210,5,5000,1941,832,378,1,3,6,116285
2000,200,1,554,1,1290,6,5870,1900,736,554,1,3,6,104491.7
1989,240,1,981,1,1672,6,6000,1940,1014,658,1,3,6,140049.485
2003,370,1,949,2,949,5,6000,1924,949,0,1,2,5,113109.75
2000,672,2,825,1,1497,6,6000,1937,825,672,2,3,5,143365.26
1950,240,2,739,1,1342,6,6000,1939,874,468,2,2,7,116089.5
1950,160,1,992,1,1013,6,5000,1926,1013,0,1,3,6,101277.04
1997,355,1,565,1,1216,5,5520,1920,565,651,1,3,6,103721.54
1950,280,1,0,1,896,4,5940,1946,896,0,1,2,4,90541.75
1950,336,1,704,1,1136,4,6240,1929,624,512,1,2,6,103412.04
1995,164,1,0,1,808,5,6120,1945,808,0,1,1,6,94470
1950,400,2,989,2,2009,7,6240,1939,1245,764,2,4,7,197181.5
1950,576,2,1100,2,1902,5,6120,1923,1226,676,2,4,7,141908.06
2004,672,2,810,2,1716,6,9144,1915,1170,546,2,4,8,167225.7
1983,360,2,1242,1,1984,6,8094,1910,1242,742,2,5,8,154159.625
1950,228,1,796,1,1609,6,4347,1910,825,784,1,3,7,134606.66
1950,440,1,768,2,768,6,6291,1930,768,0,1,1,4,93533.5
1952,308,1,768,1,1536,6,10266,1952,768,768,1,4,7,148171.34
1958,400,2,1272,2,1969,6,6876,1938,1272,0,2,4,9,154552.28
1978,400,2,880,2,1308,5,10320,1915,880,428,2,2,6,123319
1992,320,1,1040,2,1040,6,7200,1925,1040,0,1,2,5,117241
1950,384,2,768,1,1236,6,7006,1925,788,448,2,3,6,113478
1991,576,1,451,2,759,5,10320,1912,759,0,1,1,5,99227.5
1950,0,2,536,0,1344,3,10320,1915,808,536,2,3,8,89192.25
1993,240,1,1046,1,1054,5,9488,1947,1054,0,1,3,6,129490.125
1963,440,1,981,2,1075,5,11235,1963,1075,0,1,3,6,140548
1978,484,1,1008,2,1096,6,13014,1978,1096,0,1,3,6,151887.5
2005,294,1,992,1,992,5,10265,1967,992,0,1,3,6,136722.625
1978,504,1,450,2,1034,6,7703,1978,1034,0,1,3,6,134379.87
1967,270,1,1073,1,1073,5,9981,1967,1073,0,1,3,6,139850.75
1984,506,1,1060,2,1126,5,7400,1984,1126,0,1,2,5,147196.48
1950,400,1,1300,2,1140,5,12900,1920,1140,0,1,3,6,136568.5
2003,300,1,960,1,960,5,9239,1963,960,0,1,3,6,131610.43
1956,621,1,988,2,1188,6,14175,1956,1188,0,1,1,4,150074
1960,626,2,988,2,1721,5,10532,1960,1721,0,2,3,7,153587
1973,627,1,576,3,1350,5,8375,1941,864,486,1,2,6,119470.22
1970,912,1,864,3,904,5,10200,1970,904,0,1,3,5,134508.5
1979,478,2,1524,2,1524,7,20270,1979,1524,0,2,3,7,229533.75
1950,249,1,570,1,1079,7,5190,1948,617,462,1,2,5,138326
2007,0,1,1580,0,1518,5,19550,1940,1518,0,1,2,5,170058
1956,322,1,1509,1,1509,5,9571,1956,1509,0,1,3,6,151511
1975,0,1,864,0,864,5,9350,1975,864,0,1,2,4,114435
2001,280,1,621,1,1269,6,9360,1962,621,648,1,3,7,124625
2002,614,2,1077,2,2814,6,9771,1995,1093,1721,2,4,9,229956.7
1994,534,2,1602,2,1626,7,9938,1994,1626,0,2,3,7,223162.5
1994,453,2,812,2,2200,7,14171,1993,1101,1099,2,4,9,227311.8
1996,472,2,672,2,2037,7,10541,1996,1302,735,2,3,8,206900.1
2007,484,2,628,2,1356,7,10616,2007,628,728,2,3,6,170818.26
2007,864,2,1615,3,1615,8,9345,2007,1615,0,2,3,7,269035.69
2008,1348,2,2271,3,2276,9,11778,2008,2276,0,2,3,7,415224.71
2008,874,2,1751,3,1766,9,11778,2008,1766,0,2,3,8,350873.46
1995,811,2,1401,3,1511,8,11454,1995,1511,0,2,3,6,244962.58
1966,438,2,1182,2,1643,6,11500,1966,1643,0,2,2,6,184746.85
1994,528,1,990,2,990,5,9750,1994,990,0,1,3,5,143385.5
1998,558,2,1418,2,1418,7,8696,1997,1418,0,2,3,5,187119.7
1997,600,2,864,2,1771,6,13142,1997,872,899,2,3,6,207506
2000,532,2,782,2,1652,7,8998,2000,782,870,2,3,6,191640.9
2001,626,2,928,2,1823,7,12192,2000,928,895,2,3,6,225566.92
1978,528,1,864,2,1174,5,12250,1978,1174,0,1,3,5,147430.5
1975,576,1,1076,2,1076,5,9216,1975,1076,0,1,3,5,147398.24
2001,440,2,864,2,1558,5,14330,1975,1558,0,2,2,5,168334.62
2001,570,2,1257,2,2161,7,10400,2001,1290,871,2,3,8,254776.95
2002,725,2,1357,3,1947,9,9720,2001,1366,581,2,3,7,306434.1
2003,715,2,1778,3,1786,8,14860,2002,1786,0,2,3,6,298172.52
2003,596,2,1129,2,2327,7,10905,2003,1129,1198,2,4,9,272437.91
2000,560,2,850,2,1764,8,11690,1999,886,878,2,3,7,232518.37
2004,420,1,848,2,848,6,4426,2004,848,0,1,1,3,143814.5
1998,721,2,1838,3,1838,6,10126,1997,1838,0,2,2,8,201805.28
2004,470,2,1445,2,1445,7,9750,2004,1445,0,2,3,6,194847.67
2007,814,2,1564,3,1564,7,11058,2007,1564,0,2,3,6,238110.46
2007,610,2,1351,2,1361,7,9627,2007,1361,0,2,3,6,202627.95
1966,264,1,1092,1,1092,5,9825,1966,1092,0,1,3,6,139469.5
1976,504,1,456,2,1033,5,12102,1976,1033,0,1,3,6,128163
1976,480,1,1127,2,1127,6,6500,1976,1127,0,1,3,6,148844.24
1977,542,1,1029,2,1117,6,9638,1977,1117,0,1,3,6,150795.74
2001,440,1,684,2,1398,6,7200,1976,684,714,1,3,6,156464.72
1996,624,3,0,2,3820,5,47007,1959,3820,0,3,5,11,179249.68
1955,0,2,0,0,1152,4,6012,1955,1152,0,2,2,6,90008.25
1955,0,2,0,0,1152,4,6845,1955,1152,0,2,2,6,91299.5
1955,0,1,784,0,784,4,6931,1955,784,0,1,2,4,100840.5
2007,0,1,585,0,1053,5,12180,1938,585,468,1,2,5,102556
1993,0,1,0,0,1137,5,8050,1947,929,208,1,4,8,100096
1953,286,1,911,1,930,4,9520,1953,930,0,1,2,5,107696
1954,312,1,416,1,1204,4,7692,1954,1204,0,1,3,6,107309.25
2008,205,1,949,1,1292,4,5142,1923,949,343,1,3,6,112339.25
1950,312,2,1228,1,1424,7,7290,1921,1424,0,2,2,7,157222.65
1950,480,2,960,2,1920,6,7804,1930,960,960,2,4,10,167956.53
1950,369,1,644,1,1316,6,8969,1926,672,644,1,2,6,114875.04
1995,400,1,676,2,1264,6,15564,1914,676,588,1,3,6,129001.71
1997,180,2,798,1,1512,8,7609,1925,798,714,2,3,7,202522.06
1950,599,1,784,2,1603,6,9650,1923,819,784,1,4,7,172085
1995,240,2,942,1,1938,5,11700,1937,1265,673,2,4,7,155305.02
1950,225,1,884,1,1374,5,9260,1938,932,442,1,3,6,112565.87
1951,344,1,1091,1,1091,6,7801,1951,1091,0,1,2,5,129884.25
1950,786,1,608,2,1873,8,9670,1935,983,890,1,4,9,217902.24
2000,506,2,832,2,2161,7,12392,1950,1218,943,2,3,8,225844.15
1956,484,2,1898,2,1898,5,26073,1956,1898,0,2,3,7,178687.6
1980,462,1,516,2,1032,6,1879,1980,516,516,1,2,5,121456.26
1998,195,1,894,1,919,6,7000,1926,919,0,1,2,5,117756.5
2006,240,1,720,1,1090,6,6000,1940,760,330,1,3,5,116995.66
1950,0,1,780,0,1200,5,8155,1930,780,420,1,4,7,104654
1967,288,1,624,1,1656,5,6000,1967,1092,564,1,3,7,138260.23
1995,360,1,520,1,912,5,7392,1930,912,0,1,2,5,101420.16
1958,356,2,1151,1,1955,5,9000,1958,1151,804,2,4,7,149974.14
1952,487,1,0,2,733,1,14584,1952,733,0,1,2,4,83026
1950,185,1,173,1,1361,4,5280,1895,825,536,1,2,6,94530
2000,195,1,356,1,1049,4,5150,1910,671,378,1,2,5,90271.04
1950,216,1,592,1,864,4,9000,1920,432,432,1,3,5,80292.5
2008,525,2,1596,2,1648,8,3843,2007,1648,0,2,2,5,284832.17
2005,482,2,1594,2,1646,7,3811,2004,1646,0,2,2,5,219824.07
1997,786,3,1840,3,2032,7,23730,1996,2032,0,3,3,7,274726.14
1997,816,2,910,3,1820,7,11050,1996,910,910,2,3,8,226198.8
1976,484,2,0,2,1872,5,10260,1976,936,936,2,4,8,170137.1
1991,432,2,1680,2,1689,4,9990,1991,1689,0,2,3,6,178239.65
1986,512,2,1277,2,1501,7,4084,1986,1501,0,2,2,6,194437.5
2007,788,2,1518,3,1537,8,11563,2006,1537,0,2,3,8,249378.85
2007,612,2,920,2,1780,8,12852,2007,920,860,2,3,6,245943.94
2007,400,2,352,2,1442,5,9802,2006,712,730,2,3,6,167885.44
2008,666,2,796,3,1612,7,12018,2008,796,816,2,3,6,209338.12
1989,438,2,1495,2,1495,6,12890,1989,1495,0,2,3,8,188723.05
1986,578,2,1256,2,1256,6,18265,1986,1256,0,2,3,6,168391.5
2003,467,2,1432,2,1440,8,11202,2003,1440,0,2,3,7,253492.25
2000,435,2,1666,2,1675,6,7915,1999,1675,0,2,3,6,196285.75
2007,520,2,1884,2,1728,8,11449,2007,1728,0,2,3,7,277240.25
2006,892,2,1964,3,1964,8,11447,2005,1964,0,2,3,7,332303.88
1998,784,2,1344,4,1344,7,8940,1997,1344,0,2,2,8,198500.21
2008,0,1,1092,0,1092,5,9278,2007,1092,0,1,2,5,134079.125
1997,392,2,1189,2,1189,6,4500,1997,1189,0,2,2,4,167998.33
1964,850,1,1200,3,1200,4,14137,1964,1200,0,1,3,6,153882
1975,499,1,1040,2,1040,5,4224,1975,1040,0,1,3,6,138171.6
1976,336,2,550,1,1475,5,2665,1976,925,550,2,4,6,120553
2006,297,1,526,1,988,4,1974,1973,526,462,1,2,5,101257.5
1973,297,1,462,1,988,4,1596,1973,526,462,1,1,4,92203.5
1968,257,1,1113,1,1160,5,17979,1968,1160,0,1,3,6,140390.25
2007,0,2,546,0,1092,6,1477,1970,546,546,2,3,6,99638
1983,264,1,816,1,816,5,6490,1983,816,0,1,2,4,123091.83
2005,264,1,845,1,845,5,6600,1982,845,0,1,3,6,129364
1984,484,1,864,2,889,5,12395,1984,889,0,1,3,6,137767.5
1950,288,2,686,1,1836,5,56600,1900,1150,686,2,4,7,148300.61
1971,525,2,1587,2,1587,6,10667,1971,1587,0,2,3,7,182889.9
1997,390,2,384,2,1384,6,8872,1997,754,630,2,3,7,163504.54
1994,398,2,392,2,1694,6,10147,1994,924,770,2,3,7,182806.4
2000,451,2,923,2,1714,6,8637,1999,947,767,2,3,7,180833
1996,420,2,691,2,1553,7,7875,1996,691,862,2,3,6,173894.65
2003,482,3,938,2,2299,6,7500,1999,957,1342,3,5,7,189077.65
1993,420,2,1168,2,1187,7,9556,1992,1187,0,2,3,6,176869.4
1994,392,2,903,2,1642,6,7655,1993,910,732,2,3,7,180617
1964,480,1,1302,2,1128,6,18160,1964,1128,0,1,3,6,159476.5
1988,480,2,1166,2,1179,8,4740,1988,1179,0,2,2,5,193320
1990,484,1,1312,2,1321,8,5118,1990,1321,0,1,1,4,212697
2005,729,3,1149,3,2541,8,12328,2005,1164,1377,3,4,10,320428.3
2007,1110,2,2660,3,2338,9,51974,2006,2338,0,2,4,8,418808.33
1990,828,1,1100,3,1424,5,41600,1969,1424,0,1,3,7,178317.2
2006,556,2,1612,2,1612,9,8035,2006,1612,0,2,2,6,282690.12
2006,724,1,2220,2,2234,8,14082,2006,2234,0,1,1,7,355402.13
2007,724,2,1742,3,2042,10,13870,2006,2042,0,2,3,8,376037.21
1984,480,2,1284,2,1284,6,10960,1984,1284,0,2,3,5,173915.435
2003,484,2,725,2,1479,7,12090,1981,725,754,2,3,6,182773.51
1985,663,2,1529,2,1664,7,12299,1978,1664,0,2,3,7,219864
1979,481,2,780,2,1930,7,11339,1979,1085,845,2,4,9,197112.75
1984,495,2,1153,2,1177,6,11850,1984,1177,0,2,3,6,164782.5
1999,478,2,1259,2,1353,6,10400,1979,1353,0,2,2,5,176454.075
1971,944,2,1625,2,1220,6,13001,1971,1220,0,2,2,6,170893
1976,585,2,1228,2,1324,7,8991,1976,1324,0,2,3,5,158253.5
1974,488,2,1084,2,1877,6,8000,1974,1084,793,2,4,8,173612
1990,576,1,925,2,1422,5,9457,1970,1422,0,1,3,7,164794.5
2002,368,1,914,1,914,5,7920,1970,914,0,1,3,5,131238.32
1961,270,1,914,1,914,4,17199,1961,914,0,1,2,4,118393.5
2001,511,2,1337,2,1337,6,4113,2001,1337,0,2,2,5,174310.46
1998,522,2,1405,2,1337,6,10943,1997,1337,0,2,2,5,178222.56
1973,264,1,525,1,1092,6,2205,1973,525,567,1,3,6,90351
1973,264,1,672,1,1218,6,2058,1973,672,546,1,4,7,115104
1978,319,2,1061,1,1055,7,2304,1978,1055,0,2,2,4,147159.95
1966,360,1,988,1,988,5,7150,1966,988,0,1,3,5,126144.15
2007,730,2,1790,3,1816,9,12469,2006,1816,0,2,3,7,327887.17
2007,856,2,1694,3,1694,8,11825,2006,1694,0,2,3,7,277846.62
2007,938,2,2108,3,2122,8,14333,2007,2122,0,2,2,7,386082.64
2007,1040,2,1934,3,2656,9,13641,2007,1943,713,2,3,8,416548.31
2007,670,2,1108,3,2550,8,13440,2006,1148,1402,2,4,11,324378.48
2006,878,2,1994,3,2046,10,15431,2005,2046,0,2,2,7,406206.89
2007,932,2,2552,3,2552,9,13891,2007,2552,0,2,3,8,434878.67
2006,814,2,1704,3,2758,9,13654,2005,1722,1036,2,4,9,414881.5
2007,1174,2,2320,3,2290,10,17169,2007,2290,0,2,2,7,443556.62
2008,728,2,1582,2,2152,8,16659,2007,1582,570,2,3,7,298219.78
2007,786,2,918,3,2100,8,9709,2007,958,1142,2,3,8,288708.66
2006,843,2,1802,3,1802,9,13615,2006,1802,0,2,3,7,333507.2
2004,916,2,1706,3,2956,8,13069,2004,1718,1238,2,5,11,401075.03
2003,818,2,1317,3,2385,8,14277,2003,1217,1168,2,3,7,311500.59
2007,774,2,895,3,1818,8,12568,2007,895,923,2,3,8,257642.21
2006,878,2,1614,3,1614,7,9926,2005,1614,0,2,3,7,228931.51
2005,554,2,1721,2,1721,8,9254,2005,1721,0,2,3,7,261915.26
2007,876,2,1298,3,1828,8,10732,2006,1298,530,2,3,7,257091.72
2006,631,1,1302,2,1302,6,3901,2005,1302,0,1,1,5,179032.38
2006,631,1,1302,2,1302,6,3903,2005,1302,0,1,1,5,179032.38
2006,460,2,1362,2,1362,6,6289,2005,1362,0,2,2,6,185260.53
2006,627,2,1554,2,1554,8,4590,2006,1554,0,2,2,6,229385.74
2005,564,2,1577,2,1577,9,7841,2005,1577,0,2,2,6,283279
2006,550,2,1324,2,1324,8,6240,2006,1324,0,2,2,6,216861.55
2003,478,2,1405,2,1405,7,3242,2003,1405,0,2,2,6,186959.35
2007,572,3,768,2,1496,6,15810,2007,768,728,3,3,7,177571.08
2006,400,2,768,2,1536,6,10237,2005,768,768,2,3,6,175269.31
2007,454,2,608,2,1458,7,13204,2006,608,850,2,3,6,175166.78
2006,440,2,738,2,1495,6,8857,2006,738,757,2,3,7,172976.39
2007,350,2,698,3,1746,6,9729,2006,698,1048,2,3,6,186435.49
2005,388,2,1326,2,1326,6,12216,2005,1326,0,2,3,6,176145.09
2007,440,2,752,2,1504,6,8229,2007,752,752,2,3,6,173115.99
2007,400,2,728,2,1456,7,7713,2007,728,728,2,3,7,183026.65
2007,462,2,1246,2,1258,7,7697,2007,1258,0,2,3,6,189606.56
2003,630,2,1406,3,1589,8,3621,2003,1589,0,2,2,7,244592.47
2007,388,2,1266,2,1266,7,3710,2007,1266,0,2,2,6,165799.6
2005,437,2,835,2,1119,7,16219,2004,1119,0,2,2,5,188466.67
2004,400,2,384,2,1374,7,11084,2004,744,630,2,3,8,167280.3
2006,534,2,1510,2,1525,7,10936,2006,1525,0,2,3,6,221865.41
2003,400,2,384,2,1394,7,11950,2003,754,640,2,3,7,165462.2
2003,434,2,847,2,1948,7,7875,2003,847,1101,2,4,8,208620.35
2002,435,2,854,2,1995,7,8740,2002,864,1131,2,4,8,212988.45
2000,442,2,915,2,1690,6,9487,2000,940,750,2,3,7,179942.37
2000,460,2,941,2,1644,6,9649,1999,961,683,2,3,7,176748.5
1998,925,2,1779,3,2551,8,12191,1997,1779,772,2,4,8,358607.54
1998,806,2,1408,3,3078,9,10557,1998,1671,1407,2,4,9,392659.77
1999,758,2,1389,3,2582,8,11002,1998,1411,1171,2,4,9,320577.3
1998,600,2,1066,3,2385,7,10790,1998,1108,1277,2,4,8,269002.9
1993,517,2,1105,2,2202,8,11762,1992,1105,1097,2,4,9,258942.98
1997,933,2,1325,3,2538,8,9044,1996,1335,1203,2,4,8,310793.15
2007,605,2,1369,2,1369,7,9910,2007,1369,0,2,3,5,202478.99
2007,852,2,1542,3,1542,8,11830,2007,1542,0,2,3,6,248481.38
2006,484,2,1524,2,1534,8,10612,2006,1534,0,2,3,7,248785.54
2007,1092,2,1966,3,1966,10,12291,2007,1966,0,2,1,6,383521.71
2007,480,3,1528,2,1528,7,9965,2007,1528,0,3,3,6,223236.64
2005,484,2,1538,2,1538,8,8847,2005,1538,0,2,3,7,249871.99
2006,672,2,1494,2,1506,7,8251,2005,1506,0,2,3,7,221286.68
2006,574,2,982,3,1977,7,9605,2006,982,995,2,3,7,238195.77
2006,859,2,1302,3,1830,8,8778,2006,1302,528,2,3,7,269222.04
2007,598,2,1338,2,1338,8,8640,2007,1338,0,2,3,6,238774.38
2007,575,2,1335,2,1335,7,9000,2006,1335,0,2,3,6,197284.41
2007,590,2,896,2,1792,8,8640,2007,896,896,2,3,8,236479.64
2007,561,3,725,2,1588,5,10411,2007,725,863,3,3,8,171588.38
2007,880,2,955,3,1880,8,12217,2007,955,925,2,3,8,262664.66
2007,594,2,1574,2,1584,8,10440,2007,1584,0,2,2,6,262289.09
2006,658,2,1685,3,1685,8,11824,2006,1685,0,2,2,5,283142.67
2004,744,2,1158,3,2443,6,10625,2004,1158,1285,2,4,9,218514
2007,0,1,1100,0,1100,6,7500,2006,1100,0,1,3,6,131986.945
2006,0,1,1143,0,1143,7,7500,2006,1143,0,1,3,5,156974.51
2004,576,1,1094,2,1094,5,12450,2003,1094,0,1,3,6,151437.87
2006,566,2,1461,2,1486,7,7441,2006,1486,0,2,3,7,205302.7
1997,492,2,864,2,1820,6,11613,1993,920,900,2,3,7,200511.05
1980,283,1,630,1,1266,6,8012,1980,630,636,1,2,5,118258
1977,308,1,894,1,894,5,6285,1977,894,0,1,2,5,123818.2
1968,686,1,1040,2,1040,5,7476,1968,1040,0,1,3,5,138783.74
1990,564,2,1223,2,2503,7,19522,1990,1271,1232,2,3,7,294641.89
1974,431,1,1037,2,1037,5,10751,1974,1037,0,1,2,5,142426.5
2006,542,1,1044,2,1055,6,12712,1973,1055,0,1,2,5,150219
2004,540,2,1378,2,1378,8,4379,2004,1378,0,2,2,6,221783.83
2007,484,2,1141,2,1151,8,3523,2006,1151,0,2,2,5,195740.86
2007,476,2,1511,2,1565,8,3784,2006,1565,0,2,2,5,252158.22
2007,466,2,1352,2,1352,7,3606,2006,1352,0,2,2,5,186122.18
2007,528,2,1550,2,1550,8,5330,2006,1550,0,2,2,5,239995.51
1999,440,2,744,2,1501,6,2280,1999,757,744,2,3,6,166588.18
2000,440,2,756,2,1573,6,2117,2000,769,804,2,3,4,170968.33
2000,625,2,1339,2,1358,7,7321,1999,1358,0,2,3,5,186346.22
2004,552,2,1054,2,2048,8,8010,2003,1072,976,2,3,8,253796.62
1998,1105,2,1220,2,2362,8,8413,1998,1220,1142,2,3,8,303618.23
1995,478,1,1494,2,1494,8,9466,1994,1494,0,1,1,5,258036
1980,546,2,2002,2,2362,7,12000,1980,2362,0,2,3,8,239706.95
1981,676,2,2461,2,2497,8,17778,1981,2497,0,2,2,7,316180.3
1968,412,1,912,2,1152,6,11700,1968,1152,0,1,3,7,147993.5
1970,570,2,1008,2,2411,6,8000,1970,1403,1008,2,4,8,179780.53
1969,480,1,973,2,1082,6,8723,1969,1082,0,1,3,6,144252.5
1968,528,1,1295,2,1295,6,11700,1968,1295,0,1,3,6,156644.32
1987,515,2,1124,2,1610,7,11358,1972,1610,0,2,3,8,190231.4
1993,472,2,1594,2,1594,7,9547,1993,1594,0,2,2,6,223362.9
1993,473,2,1148,2,2075,7,10530,1993,1091,984,2,3,8,231441
1966,484,2,1093,2,1093,6,10738,1966,1093,0,2,3,6,150899
1963,311,1,1052,1,1052,6,10800,1963,1052,0,1,3,6,140716
1993,308,1,949,1,1107,5,8050,1967,1107,0,1,3,5,135991.5
1964,530,2,0,3,1224,4,10899,1964,1224,0,2,2,8,108131.9
1956,396,1,894,2,1074,5,7450,1956,1074,0,1,2,6,127673.5
1961,440,1,864,2,1187,5,14357,1961,1187,0,1,2,6,140253.83
1961,784,1,964,2,964,5,8243,1961,964,0,1,3,5,130896.5
1960,312,1,894,1,894,5,8680,1960,894,0,1,3,5,118597.65
1966,440,2,1174,2,1200,7,8800,1966,1200,0,2,3,6,155561.25
1965,440,2,1042,2,1042,6,9200,1965,1042,0,2,3,5,142838
1997,539,2,845,2,2154,6,8800,1964,845,1309,2,5,8,191122.23
1964,286,1,1130,1,1374,6,11382,1964,1374,0,1,3,7,151075
1991,510,1,1592,2,1652,6,22002,1959,1652,0,1,3,6,198044.1
1996,512,1,822,2,908,5,12172,1940,908,0,1,2,4,124521.5
1950,0,1,666,0,666,3,5000,1946,666,0,1,2,4,72199
1950,0,1,370,0,670,3,3500,1945,442,228,1,2,4,58075.5
2000,308,1,808,1,808,5,5175,1958,808,0,1,2,5,118924
1955,288,1,1078,1,1150,5,9600,1955,1150,0,1,2,6,130438.25
1968,792,2,1560,3,1560,5,8668,1968,1560,0,2,4,8,142403.64
1966,432,2,793,2,1280,5,10050,1966,1280,0,2,3,6,144696.935
1961,525,1,1218,2,1254,6,9600,1961,1254,0,1,3,6,146139.435
1999,315,1,936,1,936,6,8760,1957,936,0,1,2,4,131327
1956,308,1,1008,1,1008,5,6860,1956,1008,0,1,3,6,127797
1963,692,1,1053,2,1053,5,8250,1963,1053,0,1,3,6,138047.5
1960,336,1,1144,1,1144,5,9100,1960,1144,0,1,3,6,131028.5
1969,464,1,1331,2,1721,6,9736,1957,1721,0,1,4,8,167541.5
1957,308,1,922,1,922,5,9770,1957,922,0,1,2,5,121876
1975,310,1,1204,1,1411,5,12198,1955,1411,0,1,3,7,148871.55
1955,336,1,1216,1,1216,5,10050,1955,1216,0,1,3,5,137846
2006,336,1,864,1,1154,5,11556,1953,1154,0,1,3,6,139822
1958,484,2,1560,2,1560,5,8078,1958,1560,0,2,4,8,143287.91
1952,410,1,948,2,948,6,10950,1952,948,0,1,2,5,129644
1953,293,1,1040,1,1040,6,7942,1953,1040,0,1,3,6,129899.5
2003,252,1,925,1,925,5,8540,1956,925,0,1,3,5,124930.83
1955,352,1,1190,1,1540,4,7150,1955,1040,500,1,4,7,132260.25
1955,390,1,923,1,925,5,8400,1955,925,0,1,3,5,116237.98
1953,280,1,1105,1,1647,4,9532,1953,1647,0,1,3,6,133738
1952,420,1,924,1,924,5,15783,1952,924,0,1,2,6,128100.5
2006,0,2,925,0,1544,4,14190,1890,1000,544,2,3,7,128793.5
2004,371,1,1216,1,1728,5,12099,1953,1216,0,1,3,7,156047.84
2007,1200,3,666,3,3086,5,21281,1935,1308,1778,3,4,9,181777
1993,580,2,1151,2,1281,4,10284,1925,845,436,2,1,6,127632
1999,0,1,736,0,1534,5,10800,1895,751,783,1,3,6,139725.54
1999,276,2,725,1,1651,7,10090,1963,1035,616,2,4,6,171232.7
1961,240,1,920,1,888,5,8700,1961,888,0,1,3,5,111178.48
1968,288,1,952,1,952,6,8300,1968,952,0,1,3,5,120103.82
1950,357,1,864,1,1238,5,7200,1950,1238,0,1,3,6,123247.99
2003,286,1,1040,1,1040,5,7500,1959,1040,0,1,3,6,135628.875
1958,338,1,1170,1,1170,5,7315,1958,1170,0,1,3,6,135210.935
1960,324,1,1242,1,1242,5,7903,1960,1242,0,1,3,6,143617.185
1960,351,1,1377,1,1377,5,8000,1960,1377,0,1,3,6,142950.935
1961,300,1,0,1,925,5,7000,1961,925,0,1,3,7,104442.5
1962,294,1,864,1,864,5,6600,1962,864,0,1,2,5,112980.14
1962,288,1,896,1,936,5,6760,1962,936,0,1,3,6,116198.66
1980,576,1,850,2,960,5,6978,1926,960,0,1,2,5,120598.6
1950,576,1,845,2,1296,6,6000,1927,866,430,1,3,6,131497
1950,184,1,1022,1,1022,5,4480,1922,1022,0,1,2,4,102952
1990,180,1,967,1,967,5,3153,1920,967,0,1,2,5,103486.165
1950,379,1,808,2,1072,5,7200,1940,1072,0,1,2,5,116253
2006,576,1,680,2,1174,5,9000,1900,680,494,1,2,6,120010.5
1950,252,1,570,1,1141,4,5925,1900,761,380,1,3,6,100250.04
1950,342,2,1075,2,1798,4,9639,1900,1156,642,2,4,7,110946.28
1999,816,2,725,2,1772,8,10337,1910,909,863,2,3,7,221017
1950,374,1,728,1,1642,6,9863,1927,914,728,1,4,9,149804.85
1950,480,1,616,2,1232,5,4571,1910,616,616,1,3,6,111085.58
1990,468,2,926,2,1650,6,8398,1910,991,659,2,3,6,160364.5
2005,336,1,687,1,1358,5,3600,1930,687,671,1,3,6,121743.94
1987,576,2,819,2,2454,7,13500,1879,1312,1142,2,3,8,212335.04
1956,331,1,0,1,968,4,8626,1956,968,0,1,2,5,101120
2002,384,2,0,1,1382,4,11800,1949,1382,0,2,1,6,119137.64
1994,308,1,756,1,1060,5,6854,1925,916,144,1,1,6,111743.5
1950,308,1,910,1,1435,5,8674,1950,910,525,1,3,6,120147.21
1998,224,2,728,1,1274,5,6125,1939,728,546,2,3,6,120431.08
1950,217,1,600,1,1232,6,6000,1939,608,624,1,3,6,99037.54
1950,240,1,884,1,884,5,6120,1939,884,0,1,2,5,109689.5
1950,528,1,861,2,1409,6,6240,1938,861,548,1,3,6,149604.32
1952,280,1,672,1,1322,5,6240,1939,899,423,1,4,7,115607.5
1992,230,1,966,1,1426,5,6240,1930,1014,412,1,3,6,126065.805
1950,379,1,756,2,1281,5,6120,1926,903,378,1,2,6,111900.64
1995,408,2,1100,1,2264,6,7755,1918,1100,1164,2,4,8,175306.75
1950,576,1,768,2,1376,6,8850,1920,752,624,1,3,7,136893.04
1950,576,1,750,2,1316,5,8550,1926,960,356,1,4,7,125712
1990,456,1,672,2,1344,7,5700,1929,672,672,1,3,6,157656.65
1950,240,2,592,1,1173,5,5680,1901,933,240,2,3,7,102134.58
1950,216,1,969,1,1214,5,5680,1901,969,245,1,2,6,109269
1963,658,3,741,2,2294,6,13200,1963,1497,797,3,5,9,187720.63
2005,299,1,976,1,1952,7,9780,1950,976,976,1,4,8,211456.54
1950,720,1,1138,2,2180,6,10320,1915,1138,1042,1,3,7,181438
1958,436,2,808,2,1315,4,4330,1958,838,477,2,3,5,119215.33
1950,264,2,771,1,1484,4,10320,1910,866,504,2,3,6,117326.08
1980,498,1,1005,2,2267,7,12888,1937,1262,1005,1,3,7,221253.86
1979,240,1,672,1,1282,5,4484,1942,778,504,1,2,4,111264.08
1963,308,1,925,1,999,5,11235,1963,999,0,1,3,6,131495.33
1980,572,1,1420,2,1452,5,11235,1964,1452,0,1,2,6,164738
1964,440,1,1005,2,1005,4,14299,1964,1005,0,1,3,5,135592
2001,528,2,980,2,1020,5,14149,1964,1020,0,2,3,5,146151.5
1966,264,1,1040,1,1040,5,11677,1966,1040,0,1,3,6,131845.5
1990,576,1,768,2,868,5,8425,1971,868,0,1,2,6,126919
1968,264,1,876,1,897,5,8665,1968,897,0,1,3,5,118509.83
1967,528,1,943,2,943,5,8398,1967,943,0,1,2,5,127919.2
1966,315,1,912,1,912,5,8169,1966,912,0,1,3,6,115798.31
1998,323,1,1240,1,1375,5,14175,1956,1375,0,1,3,6,158593.5
1996,638,3,671,2,2654,5,16779,1920,1567,1087,3,4,11,184474.93
1998,224,1,680,1,1302,7,6960,1940,798,504,1,2,6,149741.15
1995,494,1,967,2,1299,6,11375,1954,1299,0,1,3,6,153676.5
1998,303,1,1158,1,1176,5,13770,1958,1176,0,1,3,6,151953.25
1950,460,1,0,2,998,4,9000,1945,998,0,1,3,5,102615.5
1984,552,2,1190,2,1522,6,11075,1984,1522,0,2,3,7,181978.8
2005,576,2,409,2,1325,5,17541,1948,1325,0,2,3,6,136702.14
1953,649,2,1073,2,1630,5,22692,1953,1630,0,2,3,6,161704
1950,336,1,484,1,1242,4,17808,1946,1242,0,1,2,4,115246.25
1994,527,3,1288,2,2422,6,12671,1954,2422,0,3,4,6,215284.45
1954,332,1,988,1,1626,6,10512,1954,988,638,1,3,6,143107.84
1958,399,1,864,1,864,5,5400,1958,864,0,1,3,6,107922.77
1994,308,1,0,1,943,4,11515,1958,943,0,1,3,5,105896.5
1984,264,2,1038,1,1038,5,3869,1984,1038,0,2,2,5,127796.165
1951,256,1,1342,1,1342,5,9280,1951,1342,0,1,4,7,127121.25
1994,253,1,1080,1,1480,5,11100,1951,1080,400,1,4,7,142603.75
1950,280,2,951,1,1362,4,7550,1920,986,376,2,4,7,113744
1984,515,2,1105,2,1822,6,23920,1984,1105,717,2,4,7,197068.9
2001,499,2,779,2,1958,7,9317,1994,1029,929,2,3,7,205213.65
2007,870,2,1643,3,1651,8,9178,2007,1651,0,2,3,7,275494.56
2007,894,2,2140,3,2140,8,10481,2006,2140,0,2,3,8,340220.39
2007,870,2,1643,3,1651,8,10235,2007,1651,0,2,3,7,270136.5
2006,796,2,1546,3,1546,7,11750,2005,1546,0,2,3,7,220732.38
2006,674,2,1489,2,1500,8,8760,2006,1500,0,2,3,7,240790.2
2006,524,2,1270,2,1270,7,7242,2005,1270,0,2,2,6,189357.88
2006,578,2,879,2,1795,7,9316,2005,879,916,2,3,7,212934.19
1988,619,2,929,2,1873,7,8883,1988,946,927,2,3,7,221134.49
1976,529,0,966,2,1743,8,20064,1976,1743,0,0,0,5,241106.02
1994,747,1,1022,2,1022,5,14217,1994,1022,0,1,3,6,153468.5
2006,497,2,635,2,1308,6,10021,1997,646,662,2,3,6,151868.29
1994,384,1,990,1,990,5,8428,1994,990,0,1,3,5,137063.955
1996,242,1,1097,1,1097,5,16561,1996,1097,0,1,3,6,132548.75
1999,597,2,988,2,1873,7,10820,1999,988,885,2,3,7,231008.25
1999,534,2,853,2,1753,7,12352,1998,853,900,2,3,7,210491.1
2001,517,2,845,2,1690,7,9543,2001,845,845,2,3,7,197759.5
2000,486,2,985,2,1842,7,8826,2000,985,857,2,3,7,213880.2
1974,440,1,864,2,894,5,11800,1974,894,0,1,3,5,129924.5
1976,370,2,1015,2,1025,5,8660,1976,1025,0,2,3,6,143877.5
1977,576,2,995,2,1009,5,9720,1977,1009,0,2,3,6,144489.6
1977,748,1,1040,2,1040,5,8982,1977,1040,0,1,3,5,146899.61
1977,308,1,876,1,907,5,16300,1977,907,0,1,3,5,131598.6
1975,440,1,864,2,879,5,9675,1975,879,0,1,3,5,128213
2000,576,1,864,2,864,5,7200,1972,864,0,1,3,5,128033.2
2006,728,1,385,2,875,4,7200,1972,875,0,1,3,5,115192.1
2000,583,2,1673,2,1673,7,11354,2000,1673,0,2,3,7,227231.28
2003,610,2,979,2,1932,7,8749,2003,992,940,2,3,7,231302.11
2002,542,2,860,2,1729,7,8158,2002,860,869,2,3,7,200472.85
1995,484,2,1556,2,1592,8,11927,1994,1592,0,2,3,7,254348
2001,560,2,1531,2,2439,8,12728,2001,1531,908,2,4,7,307880.76
2002,608,2,860,2,1992,7,15295,1996,1212,780,2,3,7,226815.43
2000,482,1,1341,2,1341,8,17227,1999,1341,0,1,1,5,232957.89
2007,552,2,738,2,1476,7,8145,2007,738,738,2,3,7,189646.47
2005,578,2,1169,2,1190,7,8769,2005,1190,0,2,2,5,185892
2007,437,2,1330,2,1330,6,8334,2006,1330,0,2,3,6,180508.81
2006,484,2,738,2,1491,7,8333,2006,738,753,2,3,7,186776.45
2005,400,2,768,2,1536,5,9045,2005,768,768,2,3,6,168669.52
1967,384,1,936,1,936,5,9825,1967,936,0,1,2,4,123251.16
1963,520,1,1088,2,1088,4,8308,1963,1088,0,1,2,4,135754.87
1950,576,1,901,2,1351,5,16287,1925,901,450,1,3,7,134611.5
1960,622,1,1179,2,1179,6,8240,1960,1179,0,1,2,5,139182.935
1976,528,1,960,2,1044,6,6285,1976,1044,0,1,3,7,140482.47
1979,579,2,0,2,2233,5,9555,1979,1100,1133,2,5,11,165042.46
2006,489,2,734,2,1408,5,7023,2005,734,674,2,3,6,158055.4
2009,1154,2,5095,3,5095,10,39290,2008,5095,0,2,2,15,326852.55
2005,525,1,547,2,1072,6,3675,2005,1072,0,1,2,5,145775
2000,392,1,960,1,960,5,6400,1959,960,0,1,2,4,128164.23
1955,0,2,0,0,1152,4,6882,1955,1152,0,2,2,6,91299.5
1950,0,2,1195,0,1195,5,8741,1946,1195,0,2,4,8,121841.5
1995,216,1,660,1,865,6,10042,1920,740,125,1,2,4,108950.12
1955,355,1,768,1,768,4,8172,1955,768,0,1,2,4,103914.49
1955,528,1,864,2,864,4,8172,1955,864,0,1,3,5,111981.16
1950,0,2,1296,0,2592,5,10890,1923,1296,1296,2,6,12,164431.5
1950,352,1,1290,1,1422,5,7223,1926,1422,0,1,3,6,137721
2005,240,2,651,1,1298,6,6821,1921,759,539,2,2,8,120856.12
1995,216,1,531,1,1098,7,4000,1930,567,531,1,2,5,137557.78
1950,228,1,585,1,1436,6,6720,1921,851,585,1,3,7,120030.41
1991,225,1,686,1,1461,6,7155,1926,686,775,1,3,6,139983.58
1992,264,2,851,2,1718,7,7230,1927,867,851,2,4,8,169050
1951,400,1,0,2,1226,5,13108,1951,1226,0,1,2,7,119659.5
2003,231,2,930,1,1755,4,7810,1930,1230,525,2,4,7,130263.18
1950,528,2,728,2,1355,5,6221,1941,760,595,2,3,5,126366.21
1960,580,1,1560,2,1560,6,25485,1960,1560,0,1,3,6,179428.45
1968,552,2,1488,2,1488,6,21579,1968,1488,0,2,3,7,179932
1980,462,1,516,2,1045,6,1782,1980,529,516,1,2,5,120741.76
1996,628,2,1680,2,1680,4,17871,1995,1680,0,2,4,7,174162
1988,509,1,1004,2,1020,8,3907,1988,1020,0,1,1,4,190597.4
1971,625,2,1696,2,1696,7,20693,1971,1696,0,2,3,7,238505.03
1986,691,2,279,2,2726,8,18044,1986,2726,0,2,2,6,301007.41
1950,720,1,720,2,1215,6,7000,1940,720,495,1,3,6,126276
2003,0,2,936,0,1601,5,7288,1925,936,665,2,3,6,137505.36
1999,0,2,859,0,1828,5,9060,1923,942,886,2,3,6,154099.63
1950,100,1,816,1,816,5,3672,1922,816,0,1,2,5,85905.5
1950,256,1,0,1,845,2,11067,1939,640,0,1,1,4,71469.5
2006,0,2,957,0,1991,5,8250,1895,1034,957,2,4,9,136969
1980,720,1,1073,2,1073,4,6565,1957,1073,0,1,3,6,134320.99
2007,216,1,837,1,1001,5,6060,1930,1001,0,1,2,5,114919.75
2007,495,2,1573,2,1625,8,5568,2006,1625,0,2,2,5,258276.51
1979,486,2,1001,2,1299,6,12150,1979,1299,0,2,2,5,163122.5
2002,650,2,1441,3,1392,5,10000,2002,1392,0,2,3,6,177266.16
2002,576,1,1409,2,1409,7,12864,2002,1409,0,1,1,4,191510.7
1992,506,2,1454,2,1478,7,9928,1991,1478,0,2,3,6,191928.5
1975,360,1,852,1,918,7,8750,1975,918,0,1,3,4,154093.35
1974,528,1,970,2,1026,6,8410,1974,1026,0,1,2,5,140883.5
1987,512,2,1501,2,1501,7,4054,1987,1501,0,2,2,5,211378.3
1995,461,2,585,2,2279,6,19958,1958,2279,0,2,4,7,209386.8
2007,433,2,1689,2,1689,7,8368,2006,1689,0,2,3,7,232588.68
2007,502,2,1546,2,1564,8,8298,2006,1564,0,2,2,6,264559.08
1985,528,2,1265,2,1240,7,10331,1985,1240,0,2,3,6,181819.95
2001,471,2,1267,2,1312,8,6718,2001,1312,0,2,2,5,213341
2002,692,2,1922,3,1922,8,11305,2002,1922,0,2,2,6,326894.58
1996,571,2,1491,2,1491,6,7777,1996,1491,0,2,3,7,197486.64
2004,452,3,1122,2,2486,7,11800,2003,1146,1340,3,5,10,282171.04
2007,932,2,1824,3,1824,10,12633,2006,1824,0,2,3,8,358042.78
1953,1041,1,0,4,2034,3,43500,1953,2034,0,1,2,9,158180.7
1997,460,0,920,2,936,6,6710,1996,936,0,0,0,3,140989.4
1972,253,1,546,1,1092,4,1504,1972,546,546,1,3,5,90218
1970,297,1,530,1,992,4,1533,1970,530,462,1,2,4,93312
1970,0,1,546,0,1092,4,1495,1970,546,546,1,3,5,88340.5
1976,286,1,546,1,1092,4,1890,1976,546,546,1,3,6,91449
1977,678,1,923,2,1008,5,9129,1977,1008,0,1,1,4,144649.7
1977,528,2,1244,2,1356,6,15957,1977,1356,0,2,3,6,165679
1994,672,1,1160,2,1676,5,33983,1977,1676,0,1,3,6,180653.8
1977,531,1,716,2,1432,5,8286,1977,716,716,1,3,6,156982.07
1971,0,1,796,0,796,5,6723,1971,796,0,1,2,5,105594
1961,444,1,1396,1,1608,4,27697,1961,1608,0,1,3,6,156360.5
2003,502,1,1090,2,1178,5,11000,1976,1178,0,1,3,6,154473.435
1983,264,1,816,1,816,5,11625,1983,816,0,1,2,4,123910.5
1984,288,1,864,1,887,5,10447,1984,887,0,1,3,5,126211
1954,452,2,1178,2,1293,6,11027,1954,1293,0,2,2,5,150095
1956,313,1,1008,1,1024,6,10533,1956,1024,0,1,2,5,134631.5
1957,963,1,1617,3,1797,5,11765,1957,1797,0,1,3,7,154985.36
1957,550,1,1705,2,1390,6,39384,1957,1390,0,1,1,4,170290
1969,506,2,1851,2,1851,7,11727,1969,1851,0,2,3,8,228094.15
1998,400,2,813,2,1525,6,8238,1997,813,712,2,3,6,179431.22
1995,423,2,781,2,1671,6,13041,1995,781,890,2,3,7,192495
1996,443,2,821,2,1776,6,9783,1996,821,955,2,3,7,199512.5
2005,527,2,1074,2,2064,8,13128,2005,1074,990,2,4,7,259399.49
2006,773,2,1700,3,2212,7,13751,2005,1700,512,2,3,9,281729.61
1994,618,2,2062,2,2687,8,13108,1994,2079,608,2,4,9,349653.54
1994,402,2,1160,2,1169,6,8076,1993,1169,0,2,3,6,169332.74
1987,461,2,1191,2,1204,8,3701,1987,1204,0,2,2,5,187050.4
2006,670,3,1398,3,2798,9,16023,2005,1414,1384,3,3,11,403285.72
2006,758,3,1528,3,3390,10,18062,2006,1528,1862,3,5,10,488243.53
2006,675,2,1094,3,2473,9,12292,2006,1102,1371,2,4,11,331336.91
2006,736,2,1850,3,2698,10,16052,2006,1850,848,2,4,11,449397.33
2006,660,3,1390,3,2795,9,15922,2005,1390,1405,3,4,10,394496.93
2005,517,2,1714,2,1714,9,8147,2005,1714,0,2,2,7,307360.84
2005,722,2,1910,3,2000,9,18261,2005,2000,0,2,3,8,365095.59
1980,582,1,988,2,1102,6,10464,1980,1102,0,1,2,5,147596.74
1978,482,2,945,2,1857,7,10530,1978,945,912,2,4,8,198424.91
1976,596,1,1047,2,1083,7,9927,1976,1083,0,1,2,5,156070
2006,541,2,960,2,2318,7,9512,2005,960,1358,2,3,8,265335.65
2000,485,3,675,2,1875,6,10530,1975,1109,766,3,3,8,180962
1974,462,2,1103,2,1103,6,10000,1974,1103,0,2,3,6,152249
1971,576,1,864,2,874,4,7200,1971,874,0,1,3,5,118121.5
2002,543,2,1487,2,1419,6,8773,2002,1419,0,2,2,4,188920.1
1973,440,1,525,2,1092,6,2760,1973,525,567,1,3,6,112325.83
1973,440,1,765,2,1365,5,2160,1973,765,600,1,3,7,126944.68
1972,264,1,494,1,1030,6,1890,1972,494,536,1,3,6,90797
1972,264,1,483,1,948,6,1680,1972,483,465,1,2,5,92252.5
1972,264,1,525,1,1092,6,1680,1972,525,567,1,3,6,91904
1975,440,2,1069,2,1069,6,4043,1975,1069,0,2,2,4,141285.5
1975,300,1,943,1,1387,5,7514,1967,1387,0,1,3,6,136369
1976,319,2,1055,1,1055,7,2280,1976,1055,0,2,2,4,149229.95
1976,460,2,855,2,1456,6,2179,1976,855,601,2,3,6,153022
2006,831,2,1738,3,2589,9,16387,2006,1738,851,2,4,11,409150.75
2004,880,2,1618,3,1618,8,16163,2004,1618,0,2,2,6,273071.18
2006,874,2,1721,3,1740,7,12228,2006,1740,0,2,4,8,250076.26
2005,1085,2,1868,3,1868,9,14780,2005,1868,0,2,2,7,373369.48
2006,670,2,1090,3,2206,9,13975,2005,1117,1089,2,4,10,321769.47
2006,521,2,1606,2,2091,9,9942,2005,1625,466,2,3,8,300115.6
2006,575,2,1209,2,2253,8,12867,2005,1209,1044,2,3,8,279366.48
2006,672,2,1054,3,2389,8,10672,2006,1054,1335,2,4,10,297597.66
2006,784,2,1524,3,2358,8,11643,2005,1544,814,2,4,10,316453.39
2006,925,2,1792,3,1792,9,13758,2005,1792,0,2,2,6,365948.86
2005,816,2,1780,3,1780,9,14828,2004,1780,0,2,2,7,336539.12
2004,746,2,1420,3,1914,8,13215,2004,1426,488,2,3,9,277628.81
2005,556,2,1560,2,1565,9,5911,2005,1565,0,2,2,6,278710.61
2006,899,2,1686,3,1686,9,7740,2006,1686,0,2,1,6,318043.51
2006,575,2,1666,2,1666,9,6373,2006,1666,0,2,2,6,292698.69
2006,390,2,728,2,1456,6,10237,2005,728,728,2,3,8,169185.79
2006,440,2,738,2,1492,7,10237,2006,738,754,2,3,8,186245.15
2006,427,2,1326,2,1326,6,11660,2006,1326,0,2,3,6,180903.87
2005,632,2,1052,3,2373,8,11631,2004,1052,1321,2,4,9,282507.5
2006,440,2,738,2,1492,7,9073,2006,738,754,2,3,8,185987.9
2006,437,2,1220,2,1364,7,3087,2006,1364,0,2,2,6,179475.9
2002,398,2,1368,2,1511,7,2938,2002,1511,0,2,2,5,200670.6
2004,388,2,1365,2,1548,7,3072,2004,1548,0,2,2,7,194136.95
2006,440,2,1142,2,1142,7,3010,2005,1142,0,2,2,6,171880.3
2005,433,2,848,2,1598,7,9171,2004,848,750,2,3,7,188310.5
2000,431,2,982,2,1889,6,8658,2000,1008,881,2,3,9,200779.4
2006,617,3,1035,3,2322,7,12104,2006,1082,1240,3,4,8,272930.62
1998,885,2,1044,3,1976,8,9660,1998,1079,897,2,3,7,268364.79
2000,768,2,1160,3,2234,8,9545,2000,1205,1029,2,3,7,283841.44
2000,774,2,1540,3,2855,9,9233,2000,1540,1315,2,4,9,392786.03
1995,725,2,1342,3,2726,8,10019,1995,1358,1368,2,4,9,314304.74
1994,959,3,1733,3,3500,9,17242,1993,1933,1567,3,4,11,479340.05
1995,803,2,1290,3,2494,8,10236,1994,1305,1189,2,4,9,296068.19
1993,704,2,1286,3,2799,8,12585,1993,1565,1234,2,3,8,322549.35
2006,760,2,1100,2,1964,8,12447,2005,1116,848,2,3,8,268899.45
2006,928,2,1670,3,1670,8,15218,2006,1670,0,2,2,6,283702.24
2006,510,2,1504,2,1504,8,10936,2006,1504,0,2,3,7,242078.52
2006,584,2,1278,2,1278,8,8640,2006,1278,0,2,2,5,234519.78
2006,792,3,2036,3,2640,9,13162,2006,2036,604,3,3,11,418596.07
2005,615,2,858,2,1716,6,8125,2005,858,858,2,3,7,192195.5
2005,0,1,1142,0,1142,6,7733,2005,1142,0,1,3,5,130532.125
2006,612,2,1400,2,1400,7,11024,2005,1400,0,2,3,6,191594.69
2006,0,1,1131,0,1131,6,13072,2005,1131,0,1,3,6,130221.32
2005,462,2,891,2,1686,7,7800,2005,891,795,2,3,8,192597.73
2005,449,2,784,2,1585,7,7632,2005,831,754,2,3,7,186532.8
1998,688,2,941,2,1837,6,8304,1997,941,896,2,3,7,202723
1993,462,2,836,2,1731,6,9370,1992,844,887,2,3,7,194093
1991,542,2,1398,2,1398,6,7175,1990,1398,0,2,2,5,169748.64
1991,484,2,1217,2,1217,6,7175,1991,1217,0,2,2,5,169151.5
1994,472,2,636,2,1320,6,9019,1994,636,684,2,3,6,149468.24
1962,624,1,988,2,988,5,9100,1962,988,0,1,3,6,132280
1977,528,2,0,2,1654,6,8927,1977,1286,368,2,4,10,168710.12
2002,576,1,864,2,1211,5,9240,1962,1211,0,1,2,6,143968.435
1965,310,1,984,1,984,5,9308,1965,984,0,1,3,5,129705.5
1968,294,1,882,1,909,5,8450,1968,909,0,1,3,5,120263.33
1963,484,1,925,2,925,5,8638,1963,925,0,1,2,5,126727.5
1965,308,1,1024,1,1024,5,13052,1965,1024,0,1,3,5,135991
1964,0,1,912,0,912,5,8020,1964,912,0,1,3,6,103841.82
1967,288,1,912,1,941,5,8789,1967,941,0,1,3,6,116914
1974,550,2,1748,2,2646,7,14330,1974,2151,495,2,3,9,258178.35
1993,888,2,1334,3,2826,8,11025,1992,1520,1306,2,3,9,331404.42
2004,588,1,1143,2,1143,7,3628,2004,1143,0,1,1,5,175807.75
2005,480,2,600,2,1223,7,2544,2005,520,623,2,2,4,150164.96
2000,440,2,756,2,1524,6,2998,2000,768,756,2,2,4,167401.66
2003,496,2,530,2,1080,7,4447,2003,530,550,2,2,4,153613.3
1998,434,2,569,1,1694,7,8314,1997,854,840,2,3,6,180595.15
2002,564,2,1568,2,1568,8,7180,2001,1568,0,2,3,6,246104.15
1972,501,2,1153,2,1193,5,13110,1972,1193,0,2,2,6,155363.87
1967,477,2,1334,2,1334,7,10140,1967,1334,0,2,3,7,158866.57
1968,504,1,1051,2,1051,5,9600,1968,1051,0,1,3,6,143763.5
1968,530,1,900,2,1770,5,8640,1968,884,886,1,4,7,168458.85
2004,504,1,976,2,976,6,9360,1968,976,0,1,2,4,139000.5
1968,326,1,833,1,898,5,8400,1968,898,0,1,3,6,120520.82
1966,264,1,1051,1,1051,5,9759,1966,1051,0,1,3,6,133673.25
1967,568,1,1141,1,1141,5,9600,1967,1141,0,1,3,6,140452.37
2000,299,2,1187,1,1565,6,8800,1965,1565,0,2,3,7,152378.365
1964,430,1,1008,2,1488,6,10368,1964,1488,0,1,3,7,163648
1964,480,1,720,2,1440,5,9350,1964,720,720,1,4,7,156795.59
1960,286,1,1248,1,1248,5,10800,1960,1248,0,1,3,6,144886.435
1950,240,1,816,1,816,6,8550,1934,816,0,1,2,4,107370.99
1950,273,1,938,1,1043,5,9724,1947,1043,0,1,2,5,119664
1990,441,1,1251,2,1433,5,9600,1961,1433,0,1,3,7,163286.87
1952,240,1,1444,1,1624,5,10858,1952,1624,0,1,2,6,150527.5
1951,280,1,1056,1,1216,5,9600,1951,1216,0,1,3,7,129456.5
1973,234,1,704,1,1728,5,9462,1949,1024,704,1,3,7,149598.92
1975,240,1,936,1,936,5,9888,1954,936,0,1,2,5,118115
1967,506,2,1584,2,1584,5,8917,1967,1584,0,2,4,8,142492.32
1964,441,1,1246,2,1246,6,12700,1964,1246,0,1,3,6,157394.5
1963,430,1,1008,2,1008,6,9723,1963,1008,0,1,2,5,136441.5
1957,331,1,1179,1,1364,5,8400,1957,1364,0,1,3,6,145315.5
1958,488,1,1121,2,1336,6,9610,1958,1336,0,1,3,7,150586.935
1956,300,1,1058,1,1370,5,10000,1956,1370,0,1,3,6,141865
1994,353,1,1124,1,1124,6,10152,1956,1124,0,1,3,6,144293.375
2000,286,1,1050,1,1050,6,8092,1954,1050,0,1,3,6,136966.125
2003,280,1,1008,1,1008,5,12778,1952,1008,0,1,2,4,137878.75
1951,400,1,216,2,1575,6,10170,1951,1575,0,1,2,5,158445.6
1956,684,1,301,2,1145,5,7700,1956,1145,0,1,3,6,126817.5
1956,319,1,1005,1,1005,5,11050,1956,1005,0,1,2,6,130732.5
1955,300,1,1056,1,1056,5,13600,1955,1056,0,1,3,6,140875.5
1991,270,1,884,1,884,5,15428,1951,884,0,1,2,4,131340.5
1963,791,1,929,3,2039,7,21299,1941,2039,0,1,3,7,244399.24
2001,896,1,1015,2,1384,5,13300,1956,1384,0,1,2,6,160912.34
1975,1008,2,2171,3,2640,5,22136,1925,1392,1248,2,5,10,196956.05
1950,649,1,784,2,1312,6,7500,1947,900,412,1,3,6,134215.64
2001,371,1,713,1,713,3,10410,1930,713,0,1,2,5,91132
1950,660,1,715,2,715,3,10914,1929,715,0,1,2,4,84200.5
1998,280,1,448,1,720,4,7008,1900,448,272,1,1,5,78784
1950,528,2,663,2,1595,6,7200,1915,774,821,2,3,7,156098.38
1950,648,1,1077,2,1760,4,10818,1910,981,779,1,4,7,125520.5
1963,294,1,1083,1,1146,6,10184,1963,1146,0,1,3,6,140281.25
1985,264,1,1135,1,1207,6,9510,1962,1207,0,1,3,6,144545.31
1992,418,2,1313,2,1773,6,10800,1961,1773,0,2,3,6,193883.7
1959,484,2,0,2,1472,7,11650,1959,1472,0,2,2,5,156977.3
1998,441,3,1438,2,2448,7,18275,1962,1900,548,3,3,9,293164.61
1950,597,1,910,1,1521,4,12144,1950,910,611,1,3,6,134086.71
1950,400,2,0,2,1040,3,8544,1950,1040,0,2,2,6,92930
1960,0,2,1556,0,1556,5,8512,1960,1556,0,2,4,8,141256
1961,288,1,1150,1,1150,5,7000,1961,1150,0,1,3,6,135090
1962,528,1,1045,2,1045,7,7400,1962,1045,0,1,3,6,152251.4
1962,336,1,864,1,864,5,7000,1962,864,0,1,3,5,109754.09
1962,0,1,1025,0,1025,5,7000,1962,1025,0,1,3,6,107915
2005,624,2,716,2,2014,5,9856,1900,1007,1007,2,5,8,141242
1950,240,1,1212,1,1668,5,9600,1948,1226,442,1,3,6,136881.5
1980,162,1,1147,1,1657,4,5520,1920,1147,510,1,4,9,120174.715
2004,400,1,780,2,1416,6,9600,1900,940,476,1,3,7,146724.12
1970,576,1,712,2,1428,7,6451,1900,848,580,1,4,7,152393.9
1950,200,1,502,1,1004,7,3960,1930,502,502,1,2,5,135235.28
1950,576,2,938,2,1951,4,7745,1900,1084,867,2,4,9,116849.53
1950,280,1,1032,1,1032,6,7741,1924,1032,0,1,2,5,113795.5
1950,216,1,844,1,844,5,5633,1925,844,0,1,2,5,104370.83
1950,528,1,576,1,864,4,7200,1950,864,0,1,2,5,94435.5
1950,216,1,738,1,1376,3,7614,1905,714,662,1,2,7,98927.58
1955,576,1,960,2,960,5,6000,1955,960,0,1,3,5,125411.13
1950,450,1,816,2,1566,5,6000,1924,816,750,1,5,7,149684.85
1950,200,1,492,1,492,3,7830,1921,492,0,1,1,3,67097.5
1950,378,1,770,1,1182,6,9576,1945,885,297,1,3,5,117213
1950,250,1,798,1,840,3,5747,1920,840,0,1,2,5,83633.25
2005,432,2,1226,2,2104,7,6300,1910,1226,878,2,5,9,233364.91
1950,0,2,624,0,1248,5,5976,1920,624,624,2,2,8,92771.04
1958,624,1,960,2,960,5,9750,1958,960,0,1,3,5,132117.5
1950,0,1,1020,0,1020,3,4761,1918,1020,0,1,2,5,90224
1996,240,1,848,1,1827,6,11737,1924,1017,810,1,2,9,162862.48
1950,258,1,728,1,1162,3,6120,1930,728,434,1,3,6,105684.29
1984,180,1,741,1,1324,5,6120,1930,741,583,1,3,7,117447.66
1950,210,1,816,1,816,5,11672,1925,816,0,1,2,4,104300.33
1962,576,2,1595,2,2486,6,33120,1962,1611,875,2,5,8,206070.4
1950,370,2,596,2,1430,4,10320,1924,834,596,2,3,7,134460.5
2004,390,1,396,1,1330,5,7518,1910,665,665,1,3,7,110778.33
1950,0,1,610,0,819,5,9000,1919,819,0,1,2,4,88567
1950,308,1,984,1,984,6,7200,1930,984,0,1,3,6,116923.5
1951,288,1,806,1,1422,5,12375,1951,1081,341,1,3,7,124422.87
1964,576,2,1921,2,1921,6,11136,1964,1921,0,2,4,8,177984.7
1950,394,1,0,2,1640,5,21370,1950,1640,0,1,3,7,157209.54
1950,260,1,0,1,1032,5,8250,1935,1032,0,1,2,6,99684.5
1950,180,1,830,1,879,5,5220,1936,879,0,1,2,4,102256.5
2004,246,2,1073,1,1073,7,5500,2004,1073,0,2,2,4,163083.5
1967,528,1,1064,2,1064,5,11327,1967,1064,0,1,3,6,144646.37
1964,336,1,912,1,934,6,10366,1964,934,0,1,2,4,130982.83
1966,286,1,1059,1,1059,5,9000,1966,1059,0,1,3,6,136673.5
1967,512,1,1176,2,1458,5,9535,1967,1458,0,1,3,7,160369
1978,616,1,960,2,1040,6,7176,1978,1040,0,1,3,6,141635.07
1977,580,2,1967,2,1967,5,9662,1977,1967,0,2,6,10,171138.15
1977,586,2,1949,2,1949,5,8235,1977,1949,0,2,6,10,165382.27
1950,322,1,872,1,872,5,17529,1924,872,0,1,2,5,116716.16
1967,521,1,1865,2,1830,7,20355,1967,1830,0,1,2,6,260271.1
1963,575,1,1000,2,1000,5,13050,1963,1000,0,1,1,4,141444
1972,576,1,782,2,810,5,10820,1971,810,0,1,2,4,122599.5
1981,450,2,430,1,1700,7,1700,1980,880,680,2,2,7,168300.07
1954,504,1,967,2,1350,4,9375,1954,1350,0,1,3,6,130357
1950,215,1,799,1,1150,5,6488,1942,799,351,1,3,6,113880
1950,795,2,672,3,2009,6,19950,1928,1337,672,2,4,8,188809.4
1990,836,3,1836,2,3672,6,19800,1935,1836,1836,3,5,7,234382.7
1962,528,2,1776,2,1560,5,11679,1962,1560,0,2,3,6,160821.75
2002,569,1,0,2,1488,5,12048,1952,1488,0,1,3,7,160372.28
1999,288,1,1057,1,1057,5,10519,1955,1057,0,1,3,6,140578
1953,305,1,1000,1,1609,6,9525,1953,1068,541,1,5,7,141212
1989,506,2,868,2,2559,6,12128,1989,1313,1246,2,4,9,210364
1993,920,2,1344,4,1440,6,9069,1993,1440,0,2,2,8,186876.8
2006,848,2,1308,3,1876,7,11003,2005,1308,568,2,3,7,239356.03
2005,632,2,1208,2,1208,7,7488,2005,1208,0,2,2,6,191331.09
2006,495,2,1836,2,1846,6,13377,2006,1846,0,2,3,7,210812.05
2006,754,2,1570,3,1590,8,11645,2005,1590,0,2,2,6,256411.76
2006,638,2,945,2,1809,7,10984,2005,945,864,2,3,8,227153.36
2005,576,2,1614,2,1614,7,9316,2005,1614,0,2,3,7,217811.55
2005,610,2,784,2,1596,7,9316,2005,784,812,2,3,6,192689.25
1968,522,2,1388,2,1388,6,12000,1968,1388,0,2,3,6,161690
1996,462,1,1100,2,1100,5,13015,1996,1100,0,1,3,5,151626
1995,473,2,781,2,1499,6,12438,1995,795,704,2,3,6,181704.85
1998,591,2,1425,2,1425,7,8685,1998,1425,0,2,3,5,187068.5
1999,515,2,842,2,1749,7,9272,1999,856,893,2,3,7,201313.25
2000,586,2,951,2,1779,7,13426,1999,951,828,2,3,7,220889.85
1977,317,1,675,1,1388,6,8340,1977,686,702,1,3,6,140751.23
1978,672,2,995,3,1282,6,10385,1978,1282,0,2,3,6,163658.935
1972,297,1,864,1,864,5,7200,1972,864,0,1,3,5,121993.16
2002,591,2,826,2,1762,7,9930,2002,878,884,2,3,6,212134.25
1999,530,2,840,2,1755,6,9468,1999,840,915,2,3,7,203411.5
2002,418,1,1348,2,1358,8,11088,2002,1358,0,1,1,5,227207.05
2002,529,2,872,2,1909,7,8726,2002,872,1037,2,4,8,208589.13
1999,646,2,1090,3,2214,8,10566,1999,1090,1124,2,3,8,271110.43
1997,467,2,1065,2,2049,7,21533,1996,1065,984,2,4,9,244570.66
1998,555,2,1054,3,1939,7,11250,1998,1070,869,2,3,8,228012.05
1996,610,2,930,2,1995,7,11250,1995,950,1045,2,4,8,228730.92
2003,420,1,848,2,848,6,4435,2003,848,0,1,1,4,138383
2003,545,2,1390,2,1390,7,8810,2003,1390,0,2,3,7,191640.99
2006,578,2,851,2,1737,7,8581,2006,851,886,2,3,7,211396.57
2005,572,2,784,2,1611,7,8400,2005,784,827,2,3,6,190353.75
2006,502,2,1336,2,1336,7,8772,2005,1336,0,2,3,6,191614.26
2000,528,2,676,2,1436,4,8777,1910,760,676,2,3,6,128639.5
1975,0,2,976,0,1012,6,7840,1975,1012,0,2,4,4,116128
1969,360,1,1176,1,1176,5,16133,1969,1176,0,1,2,5,148967.25
2004,616,2,796,2,1724,7,7162,2003,806,918,2,3,8,201255.95
2002,0,1,914,0,914,6,8050,2002,914,0,1,2,4,119175.5
2005,502,2,1150,2,2314,7,11060,2003,1164,1150,2,3,9,270238.13
2006,525,1,547,2,1072,6,3675,2005,1072,0,1,2,5,144635
2004,380,2,970,2,1709,7,2522,2004,970,739,2,3,7,140423.15
1950,265,1,624,1,936,4,6956,1948,624,312,1,3,5,97094
1950,528,2,832,2,1338,6,7822,1915,846,492,2,3,7,130972
1950,288,1,1093,1,1669,4,8707,1924,1093,576,1,4,9,123899
1968,609,2,954,2,1482,4,16012,1954,1482,0,2,3,6,160611.5
1950,0,1,864,0,1414,4,8248,1922,964,0,1,3,8,106907
1955,216,1,498,1,498,2,8088,1922,498,0,1,1,3,67244.5
1993,275,1,616,1,1273,4,11388,1910,1055,218,1,3,5,117446.04
1950,240,2,1058,1,1551,5,10890,1938,1058,493,2,3,6,135935
1950,440,1,780,1,1340,6,6430,1945,816,524,1,3,6,120161.83
1997,312,1,624,1,1479,7,7000,1926,743,736,1,3,6,152765.05
1950,216,1,755,1,1510,6,4899,1920,755,755,1,3,6,137269.26
1950,288,1,818,1,1636,7,9399,1919,818,818,1,4,7,160536
1950,240,2,992,1,1465,5,10164,1939,992,473,2,3,6,130394.5
1950,240,1,824,1,1288,5,6191,1941,824,464,1,4,6,116069.33
1950,318,1,817,1,1550,6,21780,1920,940,610,1,3,7,144476.61
1950,410,1,901,1,1717,5,12400,1940,1125,592,1,2,7,143895.5
1950,451,2,1022,2,1671,7,8170,1929,1122,549,2,4,7,166053.9
1990,579,1,637,3,1609,7,12320,1932,959,650,1,3,8,177159.44
1959,365,1,697,2,1801,6,14210,1930,1104,697,1,3,8,181613.6
1963,342,2,1168,1,2315,5,15600,1950,1278,1037,2,4,9,176557.19
1950,215,1,976,1,976,5,7288,1942,976,0,1,2,5,117570.5
1950,506,1,861,2,1285,6,7000,1926,861,424,1,3,6,130393
1950,0,1,432,0,672,4,8534,1925,672,0,1,2,4,78519
1950,272,1,641,1,641,4,7030,1925,641,0,1,2,4,84903
1957,384,2,967,1,1638,6,9060,1957,967,671,2,4,6,142710.5
1950,0,1,0,0,729,3,12366,1945,729,0,1,2,5,74949
1951,0,2,660,0,1396,5,9000,1951,1060,336,2,4,8,120599.5
1950,0,1,216,0,936,3,8520,1916,576,360,1,2,6,63116.5
2006,495,2,1573,2,1778,8,5748,2005,1778,0,2,2,5,271415.51
2005,525,2,1594,2,1646,8,3842,2004,1646,0,2,2,5,260466.51
1979,576,2,1625,2,1625,6,23580,1979,1625,0,2,3,6,195218.75
1978,616,2,1664,2,1664,6,8385,1978,1664,0,2,4,10,171417.25
2001,490,2,1491,2,1491,8,9116,2001,1491,0,2,3,7,243376.02
1975,528,2,1128,2,1210,6,11080,1975,1210,0,2,3,6,160704.37
1958,518,1,1632,2,1650,6,50102,1958,1650,0,1,2,6,198671.5
2000,470,2,1381,2,1403,6,8098,2000,1403,0,2,2,5,174393.5
2006,714,2,1728,3,1960,8,13618,2005,1960,0,2,3,8,328969.23
2006,682,2,1838,3,1838,9,11577,2005,1838,0,2,3,9,312491.58
1951,270,1,0,1,1600,1,31250,1951,1600,0,1,3,6,124701.75
1997,784,2,1288,4,1368,7,7020,1997,1368,0,2,2,8,197484.67
1977,336,1,264,1,1304,5,2665,1977,616,688,1,3,5,115334.93
2003,288,1,864,1,874,5,10172,1968,874,0,1,3,5,130381.83
1970,928,2,1652,3,1652,5,11836,1970,1652,0,2,4,8,140703.45
1970,0,1,630,0,630,4,1470,1970,630,0,1,1,3,81561
1972,253,1,546,1,1092,4,1484,1972,546,546,1,3,5,89948
1979,336,1,1104,1,1360,5,13384,1969,1360,0,1,3,8,152686.37
1970,286,1,546,1,1092,4,1533,1970,546,546,1,3,5,90333
1970,0,1,546,0,1092,4,1526,1970,546,546,1,3,5,88605.5
1970,0,1,546,0,1092,4,1936,1970,546,546,1,3,5,87311.5
1970,286,1,546,1,1092,4,1894,1970,546,546,1,3,6,90309
1996,576,1,1224,2,1224,5,20000,1960,1224,0,1,4,7,151950.5
1992,0,1,912,0,970,5,10441,1992,970,0,1,3,6,119870.25
1994,650,2,996,3,2000,7,9627,1993,996,1004,2,3,9,236130.62
